ko,column,direction,bin,position,mean,sem,n
DHX36KO,WT (DHX36KO DEGs),up,1,-2000,1.102013330401444,0.17928072330917444,41
DHX36KO,WT (DHX36KO DEGs),up,2,-1949.367088607595,1.115571970590731,0.17062479877284534,41
DHX36KO,WT (DHX36KO DEGs),up,3,-1898.73417721519,1.1404625683877525,0.17412898699937465,41
DHX36KO,WT (DHX36KO DEGs),up,4,-1848.1012658227849,1.234933254699397,0.18547128023031562,41
DHX36KO,WT (DHX36KO DEGs),up,5,-1797.4683544303798,1.289499662116291,0.19559548718644584,41
DHX36KO,WT (DHX36KO DEGs),up,6,-1746.8354430379748,1.3842240471956206,0.206697883759255,41
DHX36KO,WT (DHX36KO DEGs),up,7,-1696.2025316455697,1.403553376915009,0.21959100926945513,41
DHX36KO,WT (DHX36KO DEGs),up,8,-1645.5696202531644,1.3180475503448548,0.20840327089154673,41
DHX36KO,WT (DHX36KO DEGs),up,9,-1594.9367088607596,1.2799169011038494,0.17627760720444005,41
DHX36KO,WT (DHX36KO DEGs),up,10,-1544.3037974683543,1.2288496367136637,0.17657643667913786,41
DHX36KO,WT (DHX36KO DEGs),up,11,-1493.6708860759495,1.2588425020086087,0.212501502289807,41
DHX36KO,WT (DHX36KO DEGs),up,12,-1443.0379746835442,1.3256265633086848,0.22805109396447817,41
DHX36KO,WT (DHX36KO DEGs),up,13,-1392.4050632911392,1.3346093285568361,0.23516180979019152,41
DHX36KO,WT (DHX36KO DEGs),up,14,-1341.7721518987341,1.4081443120987434,0.246762466441245,41
DHX36KO,WT (DHX36KO DEGs),up,15,-1291.139240506329,1.542989483538682,0.25550840976783046,41
DHX36KO,WT (DHX36KO DEGs),up,16,-1240.506329113924,1.6198205892632647,0.2925092908528343,41
DHX36KO,WT (DHX36KO DEGs),up,17,-1189.873417721519,1.6410425745180952,0.3438539055545005,41
DHX36KO,WT (DHX36KO DEGs),up,18,-1139.240506329114,1.5858552947470812,0.3820406918745195,41
DHX36KO,WT (DHX36KO DEGs),up,19,-1088.607594936709,1.4691699617277316,0.43279704018264353,41
DHX36KO,WT (DHX36KO DEGs),up,20,-1037.9746835443038,1.4938736815181206,0.4578461348336253,41
DHX36KO,WT (DHX36KO DEGs),up,21,-987.3417721518988,1.7867761452023576,0.6112142813608292,41
DHX36KO,WT (DHX36KO DEGs),up,22,-936.7088607594937,2.003826660877321,0.7259905260418107,41
DHX36KO,WT (DHX36KO DEGs),up,23,-886.0759493670887,2.380212679936634,0.7960650484978913,41
DHX36KO,WT (DHX36KO DEGs),up,24,-835.4430379746836,2.6680546116247412,0.8988507584532385,41
DHX36KO,WT (DHX36KO DEGs),up,25,-784.8101265822784,2.686248791004584,0.8963817796526666,41
DHX36KO,WT (DHX36KO DEGs),up,26,-734.1772151898733,2.848310508534191,0.9224091231895026,41
DHX36KO,WT (DHX36KO DEGs),up,27,-683.5443037974683,3.165110471403696,1.0567036978154167,41
DHX36KO,WT (DHX36KO DEGs),up,28,-632.9113924050632,3.5239240768285303,1.0779125218435417,41
DHX36KO,WT (DHX36KO DEGs),up,29,-582.2784810126582,3.954448552945765,1.1892904844857137,41
DHX36KO,WT (DHX36KO DEGs),up,30,-531.6455696202531,4.357589118713286,1.303401635667061,41
DHX36KO,WT (DHX36KO DEGs),up,31,-481.0126582278481,4.52169239726493,1.36957364885105,41
DHX36KO,WT (DHX36KO DEGs),up,32,-430.37974683544303,4.433779269233952,1.3665065362742383,41
DHX36KO,WT (DHX36KO DEGs),up,33,-379.746835443038,4.278824505146926,1.2855105399116862,41
DHX36KO,WT (DHX36KO DEGs),up,34,-329.11392405063293,3.7315411635530675,1.0987012790606878,41
DHX36KO,WT (DHX36KO DEGs),up,35,-278.4810126582279,3.47253947062221,0.9936657538960836,41
DHX36KO,WT (DHX36KO DEGs),up,36,-227.84810126582283,3.148847418451697,0.8947447800592716,41
DHX36KO,WT (DHX36KO DEGs),up,37,-177.21518987341778,2.9173050226428643,0.8199847289343827,41
DHX36KO,WT (DHX36KO DEGs),up,38,-126.58227848101274,2.9809720353576226,0.8641689965702218,41
DHX36KO,WT (DHX36KO DEGs),up,39,-75.94936708860769,2.666556675511647,0.7992395058127356,41
DHX36KO,WT (DHX36KO DEGs),up,40,-25.316455696202638,2.5450864197180523,0.828163241532212,41
DHX36KO,WT (DHX36KO DEGs),up,41,25.31645569620241,2.4731043140481157,0.8337571769147982,41
DHX36KO,WT (DHX36KO DEGs),up,42,75.94936708860769,2.7119920882946107,1.0266277915925428,41
DHX36KO,WT (DHX36KO DEGs),up,43,126.58227848101251,2.552011402040962,0.9063779202669673,41
DHX36KO,WT (DHX36KO DEGs),up,44,177.21518987341778,2.2194255426841054,0.7446002074313346,41
DHX36KO,WT (DHX36KO DEGs),up,45,227.8481012658226,2.377611887532521,0.8909944117509222,41
DHX36KO,WT (DHX36KO DEGs),up,46,278.4810126582279,2.521849418888247,0.9269884368216099,41
DHX36KO,WT (DHX36KO DEGs),up,47,329.1139240506327,2.167008283099508,0.6066422790490976,41
DHX36KO,WT (DHX36KO DEGs),up,48,379.746835443038,1.95896162984817,0.44118003350063034,41
DHX36KO,WT (DHX36KO DEGs),up,49,430.37974683544326,1.8092625764521157,0.33231644575862895,41
DHX36KO,WT (DHX36KO DEGs),up,50,481.0126582278481,1.6386242067135446,0.2616067079122242,41
DHX36KO,WT (DHX36KO DEGs),up,51,531.6455696202534,1.5457746432079533,0.24587709707034697,41
DHX36KO,WT (DHX36KO DEGs),up,52,582.2784810126582,1.4299140816393907,0.20165284807773595,41
DHX36KO,WT (DHX36KO DEGs),up,53,632.9113924050635,1.4367764954450655,0.2037801481580426,41
DHX36KO,WT (DHX36KO DEGs),up,54,683.5443037974683,1.4172361879620126,0.22589855088084365,41
DHX36KO,WT (DHX36KO DEGs),up,55,734.1772151898736,1.384885236829277,0.2483562869788215,41
DHX36KO,WT (DHX36KO DEGs),up,56,784.8101265822784,1.4978601039328228,0.3206507961761424,41
DHX36KO,WT (DHX36KO DEGs),up,57,835.4430379746836,1.7100275387221235,0.43513587971636175,41
DHX36KO,WT (DHX36KO DEGs),up,58,886.0759493670885,1.9441111135095115,0.5707971427061893,41
DHX36KO,WT (DHX36KO DEGs),up,59,936.7088607594937,2.198087580010174,0.7584774980954447,41
DHX36KO,WT (DHX36KO DEGs),up,60,987.3417721518986,2.4958240210331555,1.007390277214441,41
DHX36KO,WT (DHX36KO DEGs),up,61,1037.9746835443038,2.6005460276254793,1.0361191926950168,41
DHX36KO,WT (DHX36KO DEGs),up,62,1088.6075949367087,2.425492318548807,0.9849504672909102,41
DHX36KO,WT (DHX36KO DEGs),up,63,1139.240506329114,2.277555282658678,0.9156554066625849,41
DHX36KO,WT (DHX36KO DEGs),up,64,1189.8734177215188,2.2302329295049836,0.7535800748926338,41
DHX36KO,WT (DHX36KO DEGs),up,65,1240.506329113924,2.283265078610521,0.7034909534995087,41
DHX36KO,WT (DHX36KO DEGs),up,66,1291.1392405063293,2.116248530197919,0.5525459730712338,41
DHX36KO,WT (DHX36KO DEGs),up,67,1341.7721518987341,1.9232531659002228,0.42818238125280583,41
DHX36KO,WT (DHX36KO DEGs),up,68,1392.4050632911394,1.8066925869336943,0.43732486935404724,41
DHX36KO,WT (DHX36KO DEGs),up,69,1443.0379746835442,1.6974472037951152,0.42515218804538196,41
DHX36KO,WT (DHX36KO DEGs),up,70,1493.6708860759495,1.525700736627346,0.33375802492364676,41
DHX36KO,WT (DHX36KO DEGs),up,71,1544.3037974683543,1.2617047229627283,0.24420496531080677,41
DHX36KO,WT (DHX36KO DEGs),up,72,1594.9367088607596,1.22972437823691,0.2221309333394647,41
DHX36KO,WT (DHX36KO DEGs),up,73,1645.5696202531644,1.2880568656494946,0.2328771033175652,41
DHX36KO,WT (DHX36KO DEGs),up,74,1696.2025316455697,1.3643526751626798,0.2582549928664287,41
DHX36KO,WT (DHX36KO DEGs),up,75,1746.8354430379745,1.4440979413482231,0.2641015773580272,41
DHX36KO,WT (DHX36KO DEGs),up,76,1797.4683544303798,1.4167991814380738,0.26065539571492724,41
DHX36KO,WT (DHX36KO DEGs),up,77,1848.1012658227846,1.4804602732503318,0.29648183057700417,41
DHX36KO,WT (DHX36KO DEGs),up,78,1898.73417721519,1.5659093994822928,0.31240314566303307,41
DHX36KO,WT (DHX36KO DEGs),up,79,1949.3670886075947,1.6658165480450886,0.3171441205888011,41
DHX36KO,WT (DHX36KO DEGs),up,80,2000,1.6856345752584256,0.32031287931630914,41
DHX36KO,WT (DHX36KO DEGs),down,1,-2000,2.312041642707691,1.295886611811219,19
DHX36KO,WT (DHX36KO DEGs),down,2,-1949.367088607595,2.043602575377414,0.9551057977743899,19
DHX36KO,WT (DHX36KO DEGs),down,3,-1898.73417721519,1.8313341989433556,0.7316667506015769,19
DHX36KO,WT (DHX36KO DEGs),down,4,-1848.1012658227849,1.727357082199632,0.6187705934467366,19
DHX36KO,WT (DHX36KO DEGs),down,5,-1797.4683544303798,1.5785932487353944,0.5002133874437226,19
DHX36KO,WT (DHX36KO DEGs),down,6,-1746.8354430379748,1.409695788266366,0.38712020364059035,19
DHX36KO,WT (DHX36KO DEGs),down,7,-1696.2025316455697,1.2486719799041748,0.3424096905051076,19
DHX36KO,WT (DHX36KO DEGs),down,8,-1645.5696202531644,1.2260503013928732,0.3170628353592567,19
DHX36KO,WT (DHX36KO DEGs),down,9,-1594.9367088607596,1.1854040836033068,0.27148365281462733,19
DHX36KO,WT (DHX36KO DEGs),down,10,-1544.3037974683543,1.2005359901043406,0.31563505477195164,19
DHX36KO,WT (DHX36KO DEGs),down,11,-1493.6708860759495,1.208110989771391,0.3206687065419259,19
DHX36KO,WT (DHX36KO DEGs),down,12,-1443.0379746835442,1.431132407774005,0.43146074157147074,19
DHX36KO,WT (DHX36KO DEGs),down,13,-1392.4050632911392,1.4283893519117121,0.4999175989300613,19
DHX36KO,WT (DHX36KO DEGs),down,14,-1341.7721518987341,1.3654366026426616,0.4748527645135274,19
DHX36KO,WT (DHX36KO DEGs),down,15,-1291.139240506329,1.4232874029142815,0.432188341250263,19
DHX36KO,WT (DHX36KO DEGs),down,16,-1240.506329113924,1.3406444750752367,0.38130941513905214,19
DHX36KO,WT (DHX36KO DEGs),down,17,-1189.873417721519,1.4210102546842476,0.36644685077165234,19
DHX36KO,WT (DHX36KO DEGs),down,18,-1139.240506329114,1.40325451968009,0.35509431443562123,19
DHX36KO,WT (DHX36KO DEGs),down,19,-1088.607594936709,1.3196855748327154,0.3406944806829206,19
DHX36KO,WT (DHX36KO DEGs),down,20,-1037.9746835443038,1.3304155187021223,0.3138838937972062,19
DHX36KO,WT (DHX36KO DEGs),down,21,-987.3417721518988,1.2695862576836034,0.3455332933717192,19
DHX36KO,WT (DHX36KO DEGs),down,22,-936.7088607594937,1.2451030983841211,0.3550246664232521,19
DHX36KO,WT (DHX36KO DEGs),down,23,-886.0759493670887,1.1716684850893522,0.3310514646779921,19
DHX36KO,WT (DHX36KO DEGs),down,24,-835.4430379746836,1.180004770002867,0.2993804500338705,19
DHX36KO,WT (DHX36KO DEGs),down,25,-784.8101265822784,1.114859968068307,0.2670565157023489,19
DHX36KO,WT (DHX36KO DEGs),down,26,-734.1772151898733,0.9939964897172493,0.23170231732765315,19
DHX36KO,WT (DHX36KO DEGs),down,27,-683.5443037974683,1.1349006634846068,0.25372813556865503,19
DHX36KO,WT (DHX36KO DEGs),down,28,-632.9113924050632,1.301279312309466,0.3232015944550434,19
DHX36KO,WT (DHX36KO DEGs),down,29,-582.2784810126582,1.5229152948814526,0.39520263076763645,19
DHX36KO,WT (DHX36KO DEGs),down,30,-531.6455696202531,1.671782858246251,0.44239953540271054,19
DHX36KO,WT (DHX36KO DEGs),down,31,-481.0126582278481,1.5273937198153713,0.38967382858770605,19
DHX36KO,WT (DHX36KO DEGs),down,32,-430.37974683544303,1.4699735716351292,0.36791681589066527,19
DHX36KO,WT (DHX36KO DEGs),down,33,-379.746835443038,1.4154983399207133,0.3427328662173702,19
DHX36KO,WT (DHX36KO DEGs),down,34,-329.11392405063293,1.3164248159057215,0.28219484020177144,19
DHX36KO,WT (DHX36KO DEGs),down,35,-278.4810126582279,1.1791805885549178,0.21798269002080828,19
DHX36KO,WT (DHX36KO DEGs),down,36,-227.84810126582283,0.8630612652343616,0.1689958718878472,19
DHX36KO,WT (DHX36KO DEGs),down,37,-177.21518987341778,0.8063804260889689,0.1987421835009902,19
DHX36KO,WT (DHX36KO DEGs),down,38,-126.58227848101274,0.8460058374572219,0.22523844579437896,19
DHX36KO,WT (DHX36KO DEGs),down,39,-75.94936708860769,0.7869140318820351,0.226258616593183,19
DHX36KO,WT (DHX36KO DEGs),down,40,-25.316455696202638,0.705612167559172,0.22752651811318664,19
DHX36KO,WT (DHX36KO DEGs),down,41,25.31645569620241,0.6062863086817557,0.18385517089508147,19
DHX36KO,WT (DHX36KO DEGs),down,42,75.94936708860769,0.6197696155414246,0.1746878510299583,19
DHX36KO,WT (DHX36KO DEGs),down,43,126.58227848101251,0.722970348575659,0.20004538657949095,19
DHX36KO,WT (DHX36KO DEGs),down,44,177.21518987341778,0.8800100113216199,0.27246437771089266,19
DHX36KO,WT (DHX36KO DEGs),down,45,227.8481012658226,0.9111872009645429,0.28013198144329404,19
DHX36KO,WT (DHX36KO DEGs),down,46,278.4810126582279,1.0455809507035372,0.31081884154741174,19
DHX36KO,WT (DHX36KO DEGs),down,47,329.1139240506327,1.2924869042112117,0.41409969236919114,19
DHX36KO,WT (DHX36KO DEGs),down,48,379.746835443038,1.4691079044342041,0.40208564462117946,19
DHX36KO,WT (DHX36KO DEGs),down,49,430.37974683544326,1.4459313587975084,0.37018685198579787,19
DHX36KO,WT (DHX36KO DEGs),down,50,481.0126582278481,1.6272118387724224,0.4024584355802557,19
DHX36KO,WT (DHX36KO DEGs),down,51,531.6455696202534,1.8073911936241285,0.4037676754139458,19
DHX36KO,WT (DHX36KO DEGs),down,52,582.2784810126582,1.6986973199928017,0.38645621081890624,19
DHX36KO,WT (DHX36KO DEGs),down,53,632.9113924050635,1.6466790877308761,0.38578491677208593,19
DHX36KO,WT (DHX36KO DEGs),down,54,683.5443037974683,1.7577551762262982,0.4053564853908889,19
DHX36KO,WT (DHX36KO DEGs),down,55,734.1772151898736,1.8318800881871007,0.48620295376463296,19
DHX36KO,WT (DHX36KO DEGs),down,56,784.8101265822784,1.788575913989753,0.4918045235691908,19
DHX36KO,WT (DHX36KO DEGs),down,57,835.4430379746836,1.9126878004325063,0.5537733682987639,19
DHX36KO,WT (DHX36KO DEGs),down,58,886.0759493670885,1.7952442895738703,0.5701997305046076,19
DHX36KO,WT (DHX36KO DEGs),down,59,936.7088607594937,1.8595279096720512,0.6500641086160344,19
DHX36KO,WT (DHX36KO DEGs),down,60,987.3417721518986,1.90761822767425,0.7249672623429151,19
DHX36KO,WT (DHX36KO DEGs),down,61,1037.9746835443038,1.9899244785727117,0.7888875731568983,19
DHX36KO,WT (DHX36KO DEGs),down,62,1088.6075949367087,2.161697289232622,0.9801244428567841,19
DHX36KO,WT (DHX36KO DEGs),down,63,1139.240506329114,2.420453089120095,1.3552042701601696,19
DHX36KO,WT (DHX36KO DEGs),down,64,1189.8734177215188,2.772540934880575,1.635984835100506,19
DHX36KO,WT (DHX36KO DEGs),down,65,1240.506329113924,2.4512211168439766,1.4427099460115065,19
DHX36KO,WT (DHX36KO DEGs),down,66,1291.1392405063293,2.2340435318779526,1.1619248186012674,19
DHX36KO,WT (DHX36KO DEGs),down,67,1341.7721518987341,2.0374462548055146,0.9705316997926675,19
DHX36KO,WT (DHX36KO DEGs),down,68,1392.4050632911394,2.089973289380994,0.9015636718634812,19
DHX36KO,WT (DHX36KO DEGs),down,69,1443.0379746835442,2.0117108240880466,0.7514287313067661,19
DHX36KO,WT (DHX36KO DEGs),down,70,1493.6708860759495,1.7613225975789522,0.5376597880117352,19
DHX36KO,WT (DHX36KO DEGs),down,71,1544.3037974683543,1.7278363672055697,0.5425304562656599,19
DHX36KO,WT (DHX36KO DEGs),down,72,1594.9367088607596,1.6010344901001243,0.43046913114724417,19
DHX36KO,WT (DHX36KO DEGs),down,73,1645.5696202531644,1.475232555991725,0.36732429807521627,19
DHX36KO,WT (DHX36KO DEGs),down,74,1696.2025316455697,1.4432175852541338,0.3243308368527005,19
DHX36KO,WT (DHX36KO DEGs),down,75,1746.8354430379745,1.4775787338039332,0.3600451923925358,19
DHX36KO,WT (DHX36KO DEGs),down,76,1797.4683544303798,1.5316436980481734,0.4415858580045137,19
DHX36KO,WT (DHX36KO DEGs),down,77,1848.1012658227846,1.7845601095233046,0.5426421240880861,19
DHX36KO,WT (DHX36KO DEGs),down,78,1898.73417721519,2.2270272057098253,0.7595113140147997,19
DHX36KO,WT (DHX36KO DEGs),down,79,1949.3670886075947,2.6240785133629516,1.11329130782604,19
DHX36KO,WT (DHX36KO DEGs),down,80,2000,2.9008517313840096,1.34551045692367,19
dKO,WT (dKO DEGs),up,1,-2000,1.380551674327697,0.20361467432995584,83
dKO,WT (dKO DEGs),up,2,-1949.367088607595,1.4346849447273347,0.24527210085487727,83
dKO,WT (dKO DEGs),up,3,-1898.73417721519,1.5067804815874521,0.2191748522104548,83
dKO,WT (dKO DEGs),up,4,-1848.1012658227849,1.4545113748144434,0.20040173228824731,83
dKO,WT (dKO DEGs),up,5,-1797.4683544303798,1.3747948550794977,0.17465825569792848,83
dKO,WT (dKO DEGs),up,6,-1746.8354430379748,1.3516493737841226,0.17529710914532298,83
dKO,WT (dKO DEGs),up,7,-1696.2025316455697,1.4293654006552026,0.17751201018733215,83
dKO,WT (dKO DEGs),up,8,-1645.5696202531644,1.4069864141893196,0.17358221726505205,83
dKO,WT (dKO DEGs),up,9,-1594.9367088607596,1.3569452310661714,0.1634779937916064,83
dKO,WT (dKO DEGs),up,10,-1544.3037974683543,1.277393428484599,0.16889046067676375,83
dKO,WT (dKO DEGs),up,11,-1493.6708860759495,1.2748640809001692,0.16682310859169,83
dKO,WT (dKO DEGs),up,12,-1443.0379746835442,1.3722066369880155,0.17513534465113464,83
dKO,WT (dKO DEGs),up,13,-1392.4050632911392,1.3970169525165634,0.1730201120264509,83
dKO,WT (dKO DEGs),up,14,-1341.7721518987341,1.3874838324818746,0.16782556535162585,83
dKO,WT (dKO DEGs),up,15,-1291.139240506329,1.3554454358323031,0.17495401727171542,83
dKO,WT (dKO DEGs),up,16,-1240.506329113924,1.4159898305035021,0.19167598091459118,83
dKO,WT (dKO DEGs),up,17,-1189.873417721519,1.521945181065295,0.21910311304122687,83
dKO,WT (dKO DEGs),up,18,-1139.240506329114,1.7240054470659738,0.2885559433590604,83
dKO,WT (dKO DEGs),up,19,-1088.607594936709,1.9304037280733806,0.4179797633368143,83
dKO,WT (dKO DEGs),up,20,-1037.9746835443038,1.9610418064910244,0.439454690079483,83
dKO,WT (dKO DEGs),up,21,-987.3417721518988,2.0581392385011696,0.49400534631543597,83
dKO,WT (dKO DEGs),up,22,-936.7088607594937,2.1582916189389056,0.5438707524150207,83
dKO,WT (dKO DEGs),up,23,-886.0759493670887,2.1711379318639454,0.48361074707088497,83
dKO,WT (dKO DEGs),up,24,-835.4430379746836,2.1522444366068245,0.4905931492194342,83
dKO,WT (dKO DEGs),up,25,-784.8101265822784,2.067833242694058,0.4873635978390055,83
dKO,WT (dKO DEGs),up,26,-734.1772151898733,2.173171175550744,0.5332295774817006,83
dKO,WT (dKO DEGs),up,27,-683.5443037974683,2.4610911440274803,0.622745335085514,83
dKO,WT (dKO DEGs),up,28,-632.9113924050632,2.73268682722107,0.6894205546356287,83
dKO,WT (dKO DEGs),up,29,-582.2784810126582,3.062974376534841,0.7668170709170797,83
dKO,WT (dKO DEGs),up,30,-531.6455696202531,3.3970461312355287,0.9096877309749358,83
dKO,WT (dKO DEGs),up,31,-481.0126582278481,3.484653557448023,0.957428073199016,83
dKO,WT (dKO DEGs),up,32,-430.37974683544303,3.525926832070791,0.9028623896777764,83
dKO,WT (dKO DEGs),up,33,-379.746835443038,3.3839054012681586,0.8081122342634771,83
dKO,WT (dKO DEGs),up,34,-329.11392405063293,3.146635104077887,0.7594765758294717,83
dKO,WT (dKO DEGs),up,35,-278.4810126582279,3.0156015794056965,0.7151975693935876,83
dKO,WT (dKO DEGs),up,36,-227.84810126582283,2.8886042129945566,0.6976636174254437,83
dKO,WT (dKO DEGs),up,37,-177.21518987341778,2.7415078225480505,0.6170620666086276,83
dKO,WT (dKO DEGs),up,38,-126.58227848101274,2.7186224328178956,0.564649566252425,83
dKO,WT (dKO DEGs),up,39,-75.94936708860769,2.5546994512243923,0.522772293529724,83
dKO,WT (dKO DEGs),up,40,-25.316455696202638,2.4901306394975347,0.5289928165204881,83
dKO,WT (dKO DEGs),up,41,25.31645569620241,2.316606133979966,0.5032175946191273,83
dKO,WT (dKO DEGs),up,42,75.94936708860769,2.4486874537678607,0.5647262482708048,83
dKO,WT (dKO DEGs),up,43,126.58227848101251,2.521865592060319,0.5381175072203536,83
dKO,WT (dKO DEGs),up,44,177.21518987341778,2.3459793606149146,0.45511832780892936,83
dKO,WT (dKO DEGs),up,45,227.8481012658226,2.4315269146291127,0.5042565663739639,83
dKO,WT (dKO DEGs),up,46,278.4810126582279,2.4808631614700376,0.5130758518219597,83
dKO,WT (dKO DEGs),up,47,329.1139240506327,2.227142423721681,0.3755327367021375,83
dKO,WT (dKO DEGs),up,48,379.746835443038,2.0799602213154835,0.31633194266151027,83
dKO,WT (dKO DEGs),up,49,430.37974683544326,1.9062743616199875,0.3174005874076113,83
dKO,WT (dKO DEGs),up,50,481.0126582278481,1.7991565592892198,0.3282494008069531,83
dKO,WT (dKO DEGs),up,51,531.6455696202534,1.765712138055319,0.34416203230130615,83
dKO,WT (dKO DEGs),up,52,582.2784810126582,1.6396221599617158,0.3292781225413852,83
dKO,WT (dKO DEGs),up,53,632.9113924050635,1.5309069970908413,0.2845066588255317,83
dKO,WT (dKO DEGs),up,54,683.5443037974683,1.5304967074604876,0.29248402861858785,83
dKO,WT (dKO DEGs),up,55,734.1772151898736,1.570323864839163,0.329181654877451,83
dKO,WT (dKO DEGs),up,56,784.8101265822784,1.71333571213795,0.39460830950307524,83
dKO,WT (dKO DEGs),up,57,835.4430379746836,1.8605045123847135,0.4772723990740827,83
dKO,WT (dKO DEGs),up,58,886.0759493670885,1.8783508946234921,0.4755936229178612,83
dKO,WT (dKO DEGs),up,59,936.7088607594937,1.8989971828173442,0.4736482920186683,83
dKO,WT (dKO DEGs),up,60,987.3417721518986,1.9589326627283212,0.5426415906122664,83
dKO,WT (dKO DEGs),up,61,1037.9746835443038,2.0051631709945252,0.5509962424655058,83
dKO,WT (dKO DEGs),up,62,1088.6075949367087,2.0552676706045987,0.5337223205054671,83
dKO,WT (dKO DEGs),up,63,1139.240506329114,2.0717875952031237,0.5023015859019896,83
dKO,WT (dKO DEGs),up,64,1189.8734177215188,2.0613011055586328,0.4241975793145075,83
dKO,WT (dKO DEGs),up,65,1240.506329113924,2.141753542164722,0.40713451140515083,83
dKO,WT (dKO DEGs),up,66,1291.1392405063293,2.216519327087096,0.3621131402325349,83
dKO,WT (dKO DEGs),up,67,1341.7721518987341,2.05003843943278,0.29374963966542333,83
dKO,WT (dKO DEGs),up,68,1392.4050632911394,1.9538201095397214,0.2767753388723634,83
dKO,WT (dKO DEGs),up,69,1443.0379746835442,1.8589081296480325,0.26792688599735776,83
dKO,WT (dKO DEGs),up,70,1493.6708860759495,1.66121304969711,0.22071736649774787,83
dKO,WT (dKO DEGs),up,71,1544.3037974683543,1.449196610967797,0.18421347439406144,83
dKO,WT (dKO DEGs),up,72,1594.9367088607596,1.39071126779878,0.1701823103738985,83
dKO,WT (dKO DEGs),up,73,1645.5696202531644,1.4105241521295295,0.17841328008689086,83
dKO,WT (dKO DEGs),up,74,1696.2025316455697,1.4822102693094308,0.2013777649870155,83
dKO,WT (dKO DEGs),up,75,1746.8354430379745,1.515119672893999,0.23350266033228273,83
dKO,WT (dKO DEGs),up,76,1797.4683544303798,1.5012761854933927,0.2632206257777588,83
dKO,WT (dKO DEGs),up,77,1848.1012658227846,1.4571611620719174,0.2323776315305982,83
dKO,WT (dKO DEGs),up,78,1898.73417721519,1.404561499984389,0.20579588447674707,83
dKO,WT (dKO DEGs),up,79,1949.3670886075947,1.444348252116437,0.20100096263770176,83
dKO,WT (dKO DEGs),up,80,2000,1.5188686082736556,0.1982742899641596,83
dKO,WT (dKO DEGs),down,1,-2000,2.7050060259777564,1.2760145088360486,23
dKO,WT (dKO DEGs),down,2,-1949.367088607595,2.7585565832386845,1.2282100166076246,23
dKO,WT (dKO DEGs),down,3,-1898.73417721519,2.581647120524144,1.1928100678110247,23
dKO,WT (dKO DEGs),down,4,-1848.1012658227849,2.4354762581120366,1.1921420790517694,23
dKO,WT (dKO DEGs),down,5,-1797.4683544303798,2.4044849571974383,1.3675014730467594,23
dKO,WT (dKO DEGs),down,6,-1746.8354430379748,2.5282290295587067,1.448058791119807,23
dKO,WT (dKO DEGs),down,7,-1696.2025316455697,2.219179550910342,1.1141365420016973,23
dKO,WT (dKO DEGs),down,8,-1645.5696202531644,1.8577528715479201,0.8756943812061876,23
dKO,WT (dKO DEGs),down,9,-1594.9367088607596,1.8313812390272168,0.8105398311303088,23
dKO,WT (dKO DEGs),down,10,-1544.3037974683543,1.8316934859925422,0.7276573693565102,23
dKO,WT (dKO DEGs),down,11,-1493.6708860759495,1.7623816225494164,0.7043406683311162,23
dKO,WT (dKO DEGs),down,12,-1443.0379746835442,1.8914849578470423,0.6544169144890734,23
dKO,WT (dKO DEGs),down,13,-1392.4050632911392,1.8981735956496086,0.6204149775035972,23
dKO,WT (dKO DEGs),down,14,-1341.7721518987341,1.7636445222039154,0.5291439895852109,23
dKO,WT (dKO DEGs),down,15,-1291.139240506329,1.5759852585585221,0.42455999769490227,23
dKO,WT (dKO DEGs),down,16,-1240.506329113924,1.463503296651702,0.3739833506786867,23
dKO,WT (dKO DEGs),down,17,-1189.873417721519,1.5634027440997138,0.38763763557110303,23
dKO,WT (dKO DEGs),down,18,-1139.240506329114,1.5937910063370415,0.37114839718150616,23
dKO,WT (dKO DEGs),down,19,-1088.607594936709,1.7350459156520124,0.3649053061923742,23
dKO,WT (dKO DEGs),down,20,-1037.9746835443038,1.6689857519882314,0.3638498894917625,23
dKO,WT (dKO DEGs),down,21,-987.3417721518988,1.6765259955240333,0.38641520901447923,23
dKO,WT (dKO DEGs),down,22,-936.7088607594937,1.6193971416915671,0.3736673729492541,23
dKO,WT (dKO DEGs),down,23,-886.0759493670887,1.4907341425660727,0.36378630168886894,23
dKO,WT (dKO DEGs),down,24,-835.4430379746836,1.5552977936855261,0.3579132626848825,23
dKO,WT (dKO DEGs),down,25,-784.8101265822784,1.6974207139015198,0.3974318830209212,23
dKO,WT (dKO DEGs),down,26,-734.1772151898733,1.6325556754720385,0.38476548408047606,23
dKO,WT (dKO DEGs),down,27,-683.5443037974683,1.7906893871141516,0.5052968935143801,23
dKO,WT (dKO DEGs),down,28,-632.9113924050632,1.8696100807881009,0.6166036051772148,23
dKO,WT (dKO DEGs),down,29,-582.2784810126582,1.7352532853596454,0.5323630785034795,23
dKO,WT (dKO DEGs),down,30,-531.6455696202531,1.694971160474031,0.5408436970063167,23
dKO,WT (dKO DEGs),down,31,-481.0126582278481,1.711899262511212,0.5479532869875369,23
dKO,WT (dKO DEGs),down,32,-430.37974683544303,1.5184470485949864,0.4572385026506117,23
dKO,WT (dKO DEGs),down,33,-379.746835443038,1.49850477249726,0.40632776270406457,23
dKO,WT (dKO DEGs),down,34,-329.11392405063293,1.3856695434321529,0.3476236322440698,23
dKO,WT (dKO DEGs),down,35,-278.4810126582279,1.1616125334864078,0.2165358650535145,23
dKO,WT (dKO DEGs),down,36,-227.84810126582283,1.2267693497478098,0.23133842046531383,23
dKO,WT (dKO DEGs),down,37,-177.21518987341778,1.3615838633067365,0.3033983388593685,23
dKO,WT (dKO DEGs),down,38,-126.58227848101274,1.477284963891126,0.37397279449489174,23
dKO,WT (dKO DEGs),down,39,-75.94936708860769,1.4756851104722508,0.4091152294397464,23
dKO,WT (dKO DEGs),down,40,-25.316455696202638,1.7384659713247548,0.5167192136306692,23
dKO,WT (dKO DEGs),down,41,25.31645569620241,1.674365139802297,0.43755288314713137,23
dKO,WT (dKO DEGs),down,42,75.94936708860769,1.7190619996319647,0.4390416721957661,23
dKO,WT (dKO DEGs),down,43,126.58227848101251,1.4903037268873573,0.4002240566017594,23
dKO,WT (dKO DEGs),down,44,177.21518987341778,1.2615910077095032,0.40187156067202234,23
dKO,WT (dKO DEGs),down,45,227.8481012658226,1.3415382870729418,0.5299650323721083,23
dKO,WT (dKO DEGs),down,46,278.4810126582279,1.5873965328327124,0.7805537548860587,23
dKO,WT (dKO DEGs),down,47,329.1139240506327,1.6279867090349611,0.8172196900613703,23
dKO,WT (dKO DEGs),down,48,379.746835443038,1.9301045555308245,1.0341365290607405,23
dKO,WT (dKO DEGs),down,49,430.37974683544326,2.091326812453892,1.1465185313696722,23
dKO,WT (dKO DEGs),down,50,481.0126582278481,2.0936485560735068,1.2035786738898036,23
dKO,WT (dKO DEGs),down,51,531.6455696202534,2.07874085198278,1.185729090067738,23
dKO,WT (dKO DEGs),down,52,582.2784810126582,2.084428143190301,1.135076370473509,23
dKO,WT (dKO DEGs),down,53,632.9113924050635,2.1496911916871,1.0381916139085556,23
dKO,WT (dKO DEGs),down,54,683.5443037974683,2.024543602846671,0.7665609032716065,23
dKO,WT (dKO DEGs),down,55,734.1772151898736,1.9447987129377282,0.7620562257645076,23
dKO,WT (dKO DEGs),down,56,784.8101265822784,1.7719692389515862,0.6788587029187533,23
dKO,WT (dKO DEGs),down,57,835.4430379746836,1.6389895628155142,0.5294705634388562,23
dKO,WT (dKO DEGs),down,58,886.0759493670885,1.5184031889058542,0.43416246196492764,23
dKO,WT (dKO DEGs),down,59,936.7088607594937,1.5360872177110203,0.45621737972371945,23
dKO,WT (dKO DEGs),down,60,987.3417721518986,1.58171450946642,0.5707211066629762,23
dKO,WT (dKO DEGs),down,61,1037.9746835443038,1.713822370266569,0.6375827054598753,23
dKO,WT (dKO DEGs),down,62,1088.6075949367087,2.0620233811157336,0.8104012837528098,23
dKO,WT (dKO DEGs),down,63,1139.240506329114,2.206584170901257,1.1174835644732954,23
dKO,WT (dKO DEGs),down,64,1189.8734177215188,2.4659515916437345,1.3525290025138963,23
dKO,WT (dKO DEGs),down,65,1240.506329113924,2.002923111777375,1.196734638111562,23
dKO,WT (dKO DEGs),down,66,1291.1392405063293,1.9704249267647231,0.9723661724320153,23
dKO,WT (dKO DEGs),down,67,1341.7721518987341,1.899761591994244,0.8181204084861282,23
dKO,WT (dKO DEGs),down,68,1392.4050632911394,1.922546589685523,0.7573686930519354,23
dKO,WT (dKO DEGs),down,69,1443.0379746835442,2.0232014542731687,0.6504060395000489,23
dKO,WT (dKO DEGs),down,70,1493.6708860759495,1.7122314871912416,0.4927334810700157,23
dKO,WT (dKO DEGs),down,71,1544.3037974683543,1.6860240986036217,0.5159861900263821,23
dKO,WT (dKO DEGs),down,72,1594.9367088607596,1.4921080480105635,0.45428822949971803,23
dKO,WT (dKO DEGs),down,73,1645.5696202531644,1.3901080105270165,0.37299627579877837,23
dKO,WT (dKO DEGs),down,74,1696.2025316455697,1.397910752987516,0.3473338685301189,23
dKO,WT (dKO DEGs),down,75,1746.8354430379745,1.486766905128092,0.34679594699361654,23
dKO,WT (dKO DEGs),down,76,1797.4683544303798,1.603031417010487,0.3751333867029927,23
dKO,WT (dKO DEGs),down,77,1848.1012658227846,1.556575682854307,0.41739445149419,23
dKO,WT (dKO DEGs),down,78,1898.73417721519,1.5098712873113327,0.4392073167693364,23
dKO,WT (dKO DEGs),down,79,1949.3670886075947,1.4758378276272097,0.4204901285533655,23
dKO,WT (dKO DEGs),down,80,2000,1.468497108583865,0.44772675007465074,23
DHX36KO,DHX36KO,up,1,-2000,1.7278166082234887,0.23586537806011146,41
DHX36KO,DHX36KO,up,2,-1949.367088607595,1.8840096835392277,0.2671925973781127,41
DHX36KO,DHX36KO,up,3,-1898.73417721519,1.9799742603302002,0.28488788752996674,41
DHX36KO,DHX36KO,up,4,-1848.1012658227849,2.2178127354528847,0.32584392418876207,41
DHX36KO,DHX36KO,up,5,-1797.4683544303798,2.3194160960166434,0.35036918021690944,41
DHX36KO,DHX36KO,up,6,-1746.8354430379748,2.1863392190429254,0.3227810478054443,41
DHX36KO,DHX36KO,up,7,-1696.2025316455697,2.0394032214521394,0.30160511469893075,41
DHX36KO,DHX36KO,up,8,-1645.5696202531644,1.8240050571720774,0.256145285491777,41
DHX36KO,DHX36KO,up,9,-1594.9367088607596,1.8862853183591268,0.2593886665424497,41
DHX36KO,DHX36KO,up,10,-1544.3037974683543,1.9873835755751386,0.26045296222248354,41
DHX36KO,DHX36KO,up,11,-1493.6708860759495,2.0363939466515206,0.28816853064181536,41
DHX36KO,DHX36KO,up,12,-1443.0379746835442,2.151022983411463,0.4227889820580706,41
DHX36KO,DHX36KO,up,13,-1392.4050632911392,2.1365141779038965,0.5324679388003676,41
DHX36KO,DHX36KO,up,14,-1341.7721518987341,2.22165079430836,0.6128260505580256,41
DHX36KO,DHX36KO,up,15,-1291.139240506329,2.1684548337285112,0.5627938523012039,41
DHX36KO,DHX36KO,up,16,-1240.506329113924,2.2316705776230106,0.5694020432649955,41
DHX36KO,DHX36KO,up,17,-1189.873417721519,2.3094387516355126,0.5795400700777036,41
DHX36KO,DHX36KO,up,18,-1139.240506329114,2.4391047789992357,0.6565558164287629,41
DHX36KO,DHX36KO,up,19,-1088.607594936709,2.6556829128226616,0.6878492861871853,41
DHX36KO,DHX36KO,up,20,-1037.9746835443038,2.8088465029049696,0.7803686161477263,41
DHX36KO,DHX36KO,up,21,-987.3417721518988,3.0567465143475108,0.9713166834972558,41
DHX36KO,DHX36KO,up,22,-936.7088607594937,3.4948557891109124,1.1073305335954933,41
DHX36KO,DHX36KO,up,23,-886.0759493670887,3.87815101146698,1.197688047248777,41
DHX36KO,DHX36KO,up,24,-835.4430379746836,3.961195750701718,1.1726585080707526,41
DHX36KO,DHX36KO,up,25,-784.8101265822784,4.075437388517023,1.1896360740149943,41
DHX36KO,DHX36KO,up,26,-734.1772151898733,4.3782944612192916,1.2182743027842773,41
DHX36KO,DHX36KO,up,27,-683.5443037974683,5.407686486709409,1.6202326875477413,41
DHX36KO,DHX36KO,up,28,-632.9113924050632,6.172798097637611,1.9695775858851394,41
DHX36KO,DHX36KO,up,29,-582.2784810126582,6.681790377919267,2.0644518358746247,41
DHX36KO,DHX36KO,up,30,-531.6455696202531,7.0131372186614245,2.0837920206463436,41
DHX36KO,DHX36KO,up,31,-481.0126582278481,7.146120859743133,2.1226995099415547,41
DHX36KO,DHX36KO,up,32,-430.37974683544303,7.006454992294311,2.090752295370377,41
DHX36KO,DHX36KO,up,33,-379.746835443038,6.389356635295279,1.9404662584468355,41
DHX36KO,DHX36KO,up,34,-329.11392405063293,5.52738839256085,1.6310322676392301,41
DHX36KO,DHX36KO,up,35,-278.4810126582279,4.81276081100712,1.2985584886676462,41
DHX36KO,DHX36KO,up,36,-227.84810126582283,4.291544939095412,1.0994258042117364,41
DHX36KO,DHX36KO,up,37,-177.21518987341778,3.994254685494958,0.9520454940800261,41
DHX36KO,DHX36KO,up,38,-126.58227848101274,3.8657626715714373,1.0768243062435947,41
DHX36KO,DHX36KO,up,39,-75.94936708860769,4.019638918706072,1.1827489341947417,41
DHX36KO,DHX36KO,up,40,-25.316455696202638,4.281710545958542,1.3653177147973758,41
DHX36KO,DHX36KO,up,41,25.31645569620241,4.495443216727032,1.5434657417950388,41
DHX36KO,DHX36KO,up,42,75.94936708860769,4.455970364683043,1.6383032903803119,41
DHX36KO,DHX36KO,up,43,126.58227848101251,4.266664745187372,1.4098254051727244,41
DHX36KO,DHX36KO,up,44,177.21518987341778,3.4929477430165297,1.0972601441305692,41
DHX36KO,DHX36KO,up,45,227.8481012658226,3.3474128787498163,1.0290686476679263,41
DHX36KO,DHX36KO,up,46,278.4810126582279,3.826315225081715,1.2492081757436801,41
DHX36KO,DHX36KO,up,47,329.1139240506327,3.236374720984358,0.8709782774692907,41
DHX36KO,DHX36KO,up,48,379.746835443038,3.136819615829282,0.6953474549009709,41
DHX36KO,DHX36KO,up,49,430.37974683544326,2.976027000260547,0.5683515118425649,41
DHX36KO,DHX36KO,up,50,481.0126582278481,3.0629573543478803,0.5354525017267715,41
DHX36KO,DHX36KO,up,51,531.6455696202534,2.8797120338145312,0.48300081747671286,41
DHX36KO,DHX36KO,up,52,582.2784810126582,2.713450508776719,0.4054454541792198,41
DHX36KO,DHX36KO,up,53,632.9113924050635,2.708421325974348,0.39345705548998133,41
DHX36KO,DHX36KO,up,54,683.5443037974683,2.6990120081785247,0.3960940150818724,41
DHX36KO,DHX36KO,up,55,734.1772151898736,2.7211735541452238,0.4422471428627374,41
DHX36KO,DHX36KO,up,56,784.8101265822784,2.9667650311749156,0.6301385864072381,41
DHX36KO,DHX36KO,up,57,835.4430379746836,3.4108373404324537,0.9366892567242926,41
DHX36KO,DHX36KO,up,58,886.0759493670885,3.762962063192352,1.2624616119894219,41
DHX36KO,DHX36KO,up,59,936.7088607594937,4.174763505652669,1.6167806446222432,41
DHX36KO,DHX36KO,up,60,987.3417721518986,4.335965556613798,1.7761329435355413,41
DHX36KO,DHX36KO,up,61,1037.9746835443038,4.030960413266004,1.6116233295363278,41
DHX36KO,DHX36KO,up,62,1088.6075949367087,3.8043694766944016,1.5118577274581908,41
DHX36KO,DHX36KO,up,63,1139.240506329114,3.6737999480332784,1.482412292534253,41
DHX36KO,DHX36KO,up,64,1189.8734177215188,3.8089018403030024,1.4802220557049135,41
DHX36KO,DHX36KO,up,65,1240.506329113924,3.5736699260153424,1.2310540179677614,41
DHX36KO,DHX36KO,up,66,1291.1392405063293,3.000092508482739,0.8307118414508248,41
DHX36KO,DHX36KO,up,67,1341.7721518987341,2.8438946354486108,0.765592176668493,41
DHX36KO,DHX36KO,up,68,1392.4050632911394,2.810765319413286,0.7679953256380737,41
DHX36KO,DHX36KO,up,69,1443.0379746835442,2.6771318019890202,0.6978744810949701,41
DHX36KO,DHX36KO,up,70,1493.6708860759495,2.6735762746741134,0.6239533616534112,41
DHX36KO,DHX36KO,up,71,1544.3037974683543,2.477921148412596,0.49731748544987386,41
DHX36KO,DHX36KO,up,72,1594.9367088607596,2.2630377911746016,0.40567548083505905,41
DHX36KO,DHX36KO,up,73,1645.5696202531644,2.02187401319907,0.34201115947644933,41
DHX36KO,DHX36KO,up,74,1696.2025316455697,1.8705138421834,0.3196487421690921,41
DHX36KO,DHX36KO,up,75,1746.8354430379745,2.08080564363216,0.38546636481162616,41
DHX36KO,DHX36KO,up,76,1797.4683544303798,2.3013134621798508,0.45415216417598847,41
DHX36KO,DHX36KO,up,77,1848.1012658227846,2.2610464263931522,0.4534391370889244,41
DHX36KO,DHX36KO,up,78,1898.73417721519,2.415591739038142,0.5243663127531125,41
DHX36KO,DHX36KO,up,79,1949.3670886075947,2.431849944765975,0.5166611143732432,41
DHX36KO,DHX36KO,up,80,2000,2.463389584242813,0.49529009752861836,41
DHX36KO,DHX36KO,down,1,-2000,5.2474984139726875,3.118201346839794,19
DHX36KO,DHX36KO,down,2,-1949.367088607595,5.3360667089830365,2.9185428684751717,19
DHX36KO,DHX36KO,down,3,-1898.73417721519,4.96576743058991,2.3194063320243434,19
DHX36KO,DHX36KO,down,4,-1848.1012658227849,4.065638121638382,1.6507268115463072,19
DHX36KO,DHX36KO,down,5,-1797.4683544303798,3.680738330598463,1.406807594658558,19
DHX36KO,DHX36KO,down,6,-1746.8354430379748,3.087383572636989,1.1999640686262687,19
DHX36KO,DHX36KO,down,7,-1696.2025316455697,2.752039627108658,1.1202573586393687,19
DHX36KO,DHX36KO,down,8,-1645.5696202531644,2.7193827771303947,0.9357502903489713,19
DHX36KO,DHX36KO,down,9,-1594.9367088607596,2.782218891988721,0.7547897352459689,19
DHX36KO,DHX36KO,down,10,-1544.3037974683543,2.944145364928664,0.7752331634418836,19
DHX36KO,DHX36KO,down,11,-1493.6708860759495,3.3384294201198377,0.9371335006619561,19
DHX36KO,DHX36KO,down,12,-1443.0379746835442,3.2193100884086205,0.9255538167468917,19
DHX36KO,DHX36KO,down,13,-1392.4050632911392,2.673778899594357,0.7150652255091688,19
DHX36KO,DHX36KO,down,14,-1341.7721518987341,2.220303572771842,0.524982421777191,19
DHX36KO,DHX36KO,down,15,-1291.139240506329,2.0913955046001234,0.5531996913080217,19
DHX36KO,DHX36KO,down,16,-1240.506329113924,2.018875894630164,0.6199344812598646,19
DHX36KO,DHX36KO,down,17,-1189.873417721519,2.087162947403757,0.6388713083340776,19
DHX36KO,DHX36KO,down,18,-1139.240506329114,2.066641228910078,0.63948251817577,19
DHX36KO,DHX36KO,down,19,-1088.607594936709,2.1408652495501332,0.6322592168852837,19
DHX36KO,DHX36KO,down,20,-1037.9746835443038,2.110331966165911,0.6219157590167473,19
DHX36KO,DHX36KO,down,21,-987.3417721518988,2.062639938990275,0.5940404694513339,19
DHX36KO,DHX36KO,down,22,-936.7088607594937,1.9555065510984053,0.4534222756914439,19
DHX36KO,DHX36KO,down,23,-886.0759493670887,1.9886422646673103,0.422413678260952,19
DHX36KO,DHX36KO,down,24,-835.4430379746836,1.8564466577663756,0.41118527372232183,19
DHX36KO,DHX36KO,down,25,-784.8101265822784,1.4465984280904134,0.3192136704194199,19
DHX36KO,DHX36KO,down,26,-734.1772151898733,1.4808287984864754,0.35456901217670345,19
DHX36KO,DHX36KO,down,27,-683.5443037974683,1.3156750697838633,0.330542618695781,19
DHX36KO,DHX36KO,down,28,-632.9113924050632,1.502794248764975,0.37397687813486663,19
DHX36KO,DHX36KO,down,29,-582.2784810126582,1.7335122463995951,0.46397381523356285,19
DHX36KO,DHX36KO,down,30,-531.6455696202531,1.8568771559732002,0.550360828721423,19
DHX36KO,DHX36KO,down,31,-481.0126582278481,2.1200616050184817,0.6071464734306757,19
DHX36KO,DHX36KO,down,32,-430.37974683544303,2.1797721834768327,0.6215363781080363,19
DHX36KO,DHX36KO,down,33,-379.746835443038,2.0744250010607534,0.5509120783664825,19
DHX36KO,DHX36KO,down,34,-329.11392405063293,1.8829786407738403,0.48713144776081824,19
DHX36KO,DHX36KO,down,35,-278.4810126582279,1.698244576328679,0.43696912362998747,19
DHX36KO,DHX36KO,down,36,-227.84810126582283,1.7239200642234402,0.4175479745061127,19
DHX36KO,DHX36KO,down,37,-177.21518987341778,1.6906073497471057,0.40394128890535946,19
DHX36KO,DHX36KO,down,38,-126.58227848101274,1.4324049064569306,0.363172989724043,19
DHX36KO,DHX36KO,down,39,-75.94936708860769,1.2295827161220083,0.36133318874652204,19
DHX36KO,DHX36KO,down,40,-25.316455696202638,1.3402388714070905,0.3221849149842244,19
DHX36KO,DHX36KO,down,41,25.31645569620241,1.0648531065489115,0.26722412238985643,19
DHX36KO,DHX36KO,down,42,75.94936708860769,0.9419714228730452,0.2634511255436421,19
DHX36KO,DHX36KO,down,43,126.58227848101251,1.0664320950759085,0.3024545326593734,19
DHX36KO,DHX36KO,down,44,177.21518987341778,1.3720023006723638,0.35460713558523876,19
DHX36KO,DHX36KO,down,45,227.8481012658226,1.405958052267108,0.369573275151223,19
DHX36KO,DHX36KO,down,46,278.4810126582279,1.6969662410334536,0.4568609375858729,19
DHX36KO,DHX36KO,down,47,329.1139240506327,1.899238927448005,0.5417498215012104,19
DHX36KO,DHX36KO,down,48,379.746835443038,2.112968816506235,0.6095447056901461,19
DHX36KO,DHX36KO,down,49,430.37974683544326,2.1209104330497874,0.6236809661063705,19
DHX36KO,DHX36KO,down,50,481.0126582278481,2.335927584380434,0.6824022136586189,19
DHX36KO,DHX36KO,down,51,531.6455696202534,2.7680230900279263,0.8394944265280553,19
DHX36KO,DHX36KO,down,52,582.2784810126582,2.7457750215028462,0.869972100451173,19
DHX36KO,DHX36KO,down,53,632.9113924050635,2.753452257106179,0.8569446636459916,19
DHX36KO,DHX36KO,down,54,683.5443037974683,2.932536824335132,0.9260861117476278,19
DHX36KO,DHX36KO,down,55,734.1772151898736,2.861635078379982,0.9217250947156915,19
DHX36KO,DHX36KO,down,56,784.8101265822784,2.6610375497215673,0.7869202815381066,19
DHX36KO,DHX36KO,down,57,835.4430379746836,2.609208451655873,0.9137205439883881,19
DHX36KO,DHX36KO,down,58,886.0759493670885,2.531210761948636,0.9725795323534737,19
DHX36KO,DHX36KO,down,59,936.7088607594937,2.7799303454683537,1.311239492169022,19
DHX36KO,DHX36KO,down,60,987.3417721518986,3.112812951154876,1.3845815955594618,19
DHX36KO,DHX36KO,down,61,1037.9746835443038,3.2288317644386964,1.459148867359837,19
DHX36KO,DHX36KO,down,62,1088.6075949367087,3.517761309188709,1.82338907965946,19
DHX36KO,DHX36KO,down,63,1139.240506329114,3.8780021260077495,2.343978886001752,19
DHX36KO,DHX36KO,down,64,1189.8734177215188,3.888892845438238,2.347533669422908,19
DHX36KO,DHX36KO,down,65,1240.506329113924,3.318361666913618,1.8798896965291376,19
DHX36KO,DHX36KO,down,66,1291.1392405063293,3.157037130071406,1.7003806058145132,19
DHX36KO,DHX36KO,down,67,1341.7721518987341,3.017897946876392,1.5593363457097298,19
DHX36KO,DHX36KO,down,68,1392.4050632911394,3.0599540475376865,1.444297130280426,19
DHX36KO,DHX36KO,down,69,1443.0379746835442,2.869756648498669,1.1839187010359244,19
DHX36KO,DHX36KO,down,70,1493.6708860759495,2.674503766570175,0.8402096536406755,19
DHX36KO,DHX36KO,down,71,1544.3037974683543,2.7418840368170487,0.7953707577418284,19
DHX36KO,DHX36KO,down,72,1594.9367088607596,2.6496750558050057,0.7470278779980364,19
DHX36KO,DHX36KO,down,73,1645.5696202531644,2.623246532490379,0.7299466783727266,19
DHX36KO,DHX36KO,down,74,1696.2025316455697,2.754008837080838,0.7592711007095908,19
DHX36KO,DHX36KO,down,75,1746.8354430379745,2.7526218692043374,0.7165209530163293,19
DHX36KO,DHX36KO,down,76,1797.4683544303798,2.996869677409791,0.7449925650709981,19
DHX36KO,DHX36KO,down,77,1848.1012658227846,2.944370940693638,0.7835790306391558,19
DHX36KO,DHX36KO,down,78,1898.73417721519,3.246245963280661,1.0510328446736619,19
DHX36KO,DHX36KO,down,79,1949.3670886075947,4.237395519959299,1.7007968974013647,19
DHX36KO,DHX36KO,down,80,2000,4.725450457439088,2.1489543022885558,19
dKO,dKO,up,1,-2000,2.5224713256177176,0.3618444968026714,83
dKO,dKO,up,2,-1949.367088607595,2.555302635771204,0.4023918800385475,83
dKO,dKO,up,3,-1898.73417721519,2.5194323779684473,0.412161287637539,83
dKO,dKO,up,4,-1848.1012658227849,2.5029487370199948,0.40303408225824355,83
dKO,dKO,up,5,-1797.4683544303798,2.4574467495646344,0.3671385318208581,83
dKO,dKO,up,6,-1746.8354430379748,2.2680874419786843,0.3199421430233383,83
dKO,dKO,up,7,-1696.2025316455697,2.316356255299595,0.29452633660368654,83
dKO,dKO,up,8,-1645.5696202531644,2.4023832224842057,0.30821139841458417,83
dKO,dKO,up,9,-1594.9367088607596,2.351563804235803,0.30571205790984257,83
dKO,dKO,up,10,-1544.3037974683543,2.280903934934532,0.3182433476759896,83
dKO,dKO,up,11,-1493.6708860759495,2.2614196566501295,0.32885430435562896,83
dKO,dKO,up,12,-1443.0379746835442,2.3282784885670766,0.33078420912678375,83
dKO,dKO,up,13,-1392.4050632911392,2.3286393465382984,0.3150690019080141,83
dKO,dKO,up,14,-1341.7721518987341,2.330527347331066,0.3293581237388176,83
dKO,dKO,up,15,-1291.139240506329,2.4030704943051777,0.3577739595708757,83
dKO,dKO,up,16,-1240.506329113924,2.539395477168531,0.41341993092066986,83
dKO,dKO,up,17,-1189.873417721519,2.8126310193969544,0.4492599672869249,83
dKO,dKO,up,18,-1139.240506329114,3.213917167598464,0.4971806369290339,83
dKO,dKO,up,19,-1088.607594936709,3.617376971024586,0.63537943907877,83
dKO,dKO,up,20,-1037.9746835443038,3.561100334872204,0.6378295923018926,83
dKO,dKO,up,21,-987.3417721518988,3.6881289370854695,0.7332218714770725,83
dKO,dKO,up,22,-936.7088607594937,3.8154223835037415,0.7981559837274007,83
dKO,dKO,up,23,-886.0759493670887,3.8441625443232588,0.7099194636635251,83
dKO,dKO,up,24,-835.4430379746836,3.9457375511874155,0.6728699208357387,83
dKO,dKO,up,25,-784.8101265822784,4.081013912311998,0.7991045473471904,83
dKO,dKO,up,26,-734.1772151898733,4.270665574495093,0.9340515384640378,83
dKO,dKO,up,27,-683.5443037974683,4.717600008876448,1.1429817267229063,83
dKO,dKO,up,28,-632.9113924050632,4.997047119552351,1.2755893793838609,83
dKO,dKO,up,29,-582.2784810126582,5.183355548362655,1.3377352281668966,83
dKO,dKO,up,30,-531.6455696202531,5.552022928722413,1.4347327296289014,83
dKO,dKO,up,31,-481.0126582278481,5.852641381776955,1.4908568870869787,83
dKO,dKO,up,32,-430.37974683544303,5.974485853379031,1.4728450946738234,83
dKO,dKO,up,33,-379.746835443038,5.794114721022456,1.3273802474640664,83
dKO,dKO,up,34,-329.11392405063293,5.365305665726643,1.264273402967429,83
dKO,dKO,up,35,-278.4810126582279,4.965359377889748,1.1790649293119109,83
dKO,dKO,up,36,-227.84810126582283,4.535338798019302,1.0070137997715682,83
dKO,dKO,up,37,-177.21518987341778,4.345049867505529,0.8712936790557319,83
dKO,dKO,up,38,-126.58227848101274,4.238493307182588,0.8181551834690494,83
dKO,dKO,up,39,-75.94936708860769,4.177121617296135,0.82745791662036,83
dKO,dKO,up,40,-25.316455696202638,4.1213050525925725,0.8764912013891633,83
dKO,dKO,up,41,25.31645569620241,4.17069034563011,1.0191118379863897,83
dKO,dKO,up,42,75.94936708860769,4.230181356529634,1.1236503264052886,83
dKO,dKO,up,43,126.58227848101251,4.1352906646307215,0.9537324610931248,83
dKO,dKO,up,44,177.21518987341778,3.7295879272380508,0.7530494125658579,83
dKO,dKO,up,45,227.8481012658226,3.6342549405519264,0.7663505029782459,83
dKO,dKO,up,46,278.4810126582279,3.652508022641561,0.8076564990804835,83
dKO,dKO,up,47,329.1139240506327,3.506467850141257,0.6449415277775308,83
dKO,dKO,up,48,379.746835443038,3.595217540943958,0.6045756347097094,83
dKO,dKO,up,49,430.37974683544326,3.4534907875961087,0.5973933227434935,83
dKO,dKO,up,50,481.0126582278481,3.4051196630987297,0.6542054440184851,83
dKO,dKO,up,51,531.6455696202534,3.2311993733371596,0.6314039909977966,83
dKO,dKO,up,52,582.2784810126582,3.064335917421134,0.625369685938046,83
dKO,dKO,up,53,632.9113924050635,3.084456392761215,0.6095935856697053,83
dKO,dKO,up,54,683.5443037974683,2.959615885014515,0.621505758108229,83
dKO,dKO,up,55,734.1772151898736,2.8963211358503167,0.6289111041049624,83
dKO,dKO,up,56,784.8101265822784,3.1813336994657555,0.773986623756682,83
dKO,dKO,up,57,835.4430379746836,3.513066463058732,1.0878932697050363,83
dKO,dKO,up,58,886.0759493670885,3.6614589186174324,1.16471107243281,83
dKO,dKO,up,59,936.7088607594937,3.785362418952237,1.184912851038409,83
dKO,dKO,up,60,987.3417721518986,3.711139823394607,1.1394666681304135,83
dKO,dKO,up,61,1037.9746835443038,3.8634319157294,1.0648545392748399,83
dKO,dKO,up,62,1088.6075949367087,3.8336633171039414,0.9986054302532634,83
dKO,dKO,up,63,1139.240506329114,3.731997245162366,0.9276772316955495,83
dKO,dKO,up,64,1189.8734177215188,3.6070593530011466,0.7905888740415916,83
dKO,dKO,up,65,1240.506329113924,3.6075595016939093,0.6920885953970684,83
dKO,dKO,up,66,1291.1392405063293,3.5766869385654187,0.5839854576857482,83
dKO,dKO,up,67,1341.7721518987341,3.5390930177313256,0.5471036708569508,83
dKO,dKO,up,68,1392.4050632911394,3.3683723463878095,0.5163261274090224,83
dKO,dKO,up,69,1443.0379746835442,3.155513201774842,0.4965290187518757,83
dKO,dKO,up,70,1493.6708860759495,2.9683442889925944,0.4467201169819107,83
dKO,dKO,up,71,1544.3037974683543,2.689474776672072,0.3666458079402684,83
dKO,dKO,up,72,1594.9367088607596,2.6117548332061156,0.3200183070289826,83
dKO,dKO,up,73,1645.5696202531644,2.5930840196571197,0.30528129936927223,83
dKO,dKO,up,74,1696.2025316455697,2.3717152956786403,0.30471012716862445,83
dKO,dKO,up,75,1746.8354430379745,2.2103026120825464,0.29377252517589614,83
dKO,dKO,up,76,1797.4683544303798,2.061647965639949,0.2733751379745171,83
dKO,dKO,up,77,1848.1012658227846,2.186591579942818,0.2883274026592573,83
dKO,dKO,up,78,1898.73417721519,2.369639902986197,0.3139350345165074,83
dKO,dKO,up,79,1949.3670886075947,2.5680031694848853,0.3547713670065619,83
dKO,dKO,up,80,2000,2.6265986026051533,0.38097542466955714,83
dKO,dKO,down,1,-2000,5.277423382911129,2.7960766597267677,23
dKO,dKO,down,2,-1949.367088607595,5.073665718306666,2.4416442675236594,23
dKO,dKO,down,3,-1898.73417721519,5.071140164672465,2.174308578856183,23
dKO,dKO,down,4,-1848.1012658227849,4.980248146229896,2.1655631068322516,23
dKO,dKO,down,5,-1797.4683544303798,4.922015449482462,2.1983992319966594,23
dKO,dKO,down,6,-1746.8354430379748,4.707678286614626,2.198759640951278,23
dKO,dKO,down,7,-1696.2025316455697,3.936332587539286,1.7453654798733553,23
dKO,dKO,down,8,-1645.5696202531644,2.981285120162411,1.2957795830604104,23
dKO,dKO,down,9,-1594.9367088607596,2.722839384977368,1.0954038720241424,23
dKO,dKO,down,10,-1544.3037974683543,2.6849597561186638,1.016162725157844,23
dKO,dKO,down,11,-1493.6708860759495,2.81655033826828,1.0092935061397204,23
dKO,dKO,down,12,-1443.0379746835442,2.5484367931061898,0.8685248965657284,23
dKO,dKO,down,13,-1392.4050632911392,2.6043305568073105,0.7979036241211681,23
dKO,dKO,down,14,-1341.7721518987341,2.462871959105782,0.6710368125882133,23
dKO,dKO,down,15,-1291.139240506329,2.415591006935507,0.6144607467094978,23
dKO,dKO,down,16,-1240.506329113924,2.5153647462181423,0.6081362630716293,23
dKO,dKO,down,17,-1189.873417721519,2.4645642391840616,0.599676681251142,23
dKO,dKO,down,18,-1139.240506329114,2.934842856206756,0.7057737738119053,23
dKO,dKO,down,19,-1088.607594936709,3.051165435625159,0.7756797912107608,23
dKO,dKO,down,20,-1037.9746835443038,2.7588774575357853,0.6518930712950975,23
dKO,dKO,down,21,-987.3417721518988,2.863042360665142,0.6807696578058484,23
dKO,dKO,down,22,-936.7088607594937,3.1003302056547524,0.6957549136294432,23
dKO,dKO,down,23,-886.0759493670887,2.9772579582186713,0.6520819056086408,23
dKO,dKO,down,24,-835.4430379746836,2.5755569289387137,0.577310934344658,23
dKO,dKO,down,25,-784.8101265822784,2.47835288386414,0.6208123079745905,23
dKO,dKO,down,26,-734.1772151898733,2.3317028504523676,0.595726289547862,23
dKO,dKO,down,27,-683.5443037974683,2.4037481024645375,0.6412916913245766,23
dKO,dKO,down,28,-632.9113924050632,2.567279193366783,0.775318304253623,23
dKO,dKO,down,29,-582.2784810126582,2.7831408905291903,1.0658026033262122,23
dKO,dKO,down,30,-531.6455696202531,2.756978024676226,1.1137339986370838,23
dKO,dKO,down,31,-481.0126582278481,2.5559577126433886,0.9145337670821113,23
dKO,dKO,down,32,-430.37974683544303,2.523538539582405,0.8297750469696021,23
dKO,dKO,down,33,-379.746835443038,2.4732090833912723,0.7983877730197211,23
dKO,dKO,down,34,-329.11392405063293,2.420566668855971,0.6988631846143792,23
dKO,dKO,down,35,-278.4810126582279,2.4020253440953683,0.5609604326492345,23
dKO,dKO,down,36,-227.84810126582283,2.651112714919491,0.614717215736791,23
dKO,dKO,down,37,-177.21518987341778,2.664982254816138,0.6759719595747963,23
dKO,dKO,down,38,-126.58227848101274,2.45240293952002,0.6425294979412771,23
dKO,dKO,down,39,-75.94936708860769,2.7291185569072116,0.7805239002411557,23
dKO,dKO,down,40,-25.316455696202638,3.1052767491686173,0.9425372045299488,23
dKO,dKO,down,41,25.31645569620241,3.4165713623986727,1.2656697576354683,23
dKO,dKO,down,42,75.94936708860769,3.5457886081502057,1.4200691919189916,23
dKO,dKO,down,43,126.58227848101251,3.389719389970752,1.6097147259461306,23
dKO,dKO,down,44,177.21518987341778,3.5779264206126116,2.0416970307433284,23
dKO,dKO,down,45,227.8481012658226,3.9061513873805174,2.2331842417764087,23
dKO,dKO,down,46,278.4810126582279,4.072400990016218,2.338922676530377,23
dKO,dKO,down,47,329.1139240506327,4.48358336009841,2.6931735231484404,23
dKO,dKO,down,48,379.746835443038,4.713158384060514,2.9662218769902524,23
dKO,dKO,down,49,430.37974683544326,4.534907254827195,2.8587319074292115,23
dKO,dKO,down,50,481.0126582278481,4.357984222985696,2.866709686646571,23
dKO,dKO,down,51,531.6455696202534,4.269302755369656,2.8482389195203783,23
dKO,dKO,down,52,582.2784810126582,5.107360542269721,3.611151069184139,23
dKO,dKO,down,53,632.9113924050635,5.400444681195245,3.9096674647710703,23
dKO,dKO,down,54,683.5443037974683,5.0296537861616715,3.446603592505917,23
dKO,dKO,down,55,734.1772151898736,4.857406205163485,3.1228047560934877,23
dKO,dKO,down,56,784.8101265822784,4.511669857812964,2.4826845263628274,23
dKO,dKO,down,57,835.4430379746836,4.142217092306717,2.071916967125399,23
dKO,dKO,down,58,886.0759493670885,3.398983688354492,1.4153250347872572,23
dKO,dKO,down,59,936.7088607594937,2.8475786175244098,1.1536868657284134,23
dKO,dKO,down,60,987.3417721518986,3.057014685368192,1.498985118470423,23
dKO,dKO,down,61,1037.9746835443038,3.101598249241926,1.6057319102296728,23
dKO,dKO,down,62,1088.6075949367087,3.150262078547823,1.7603556923481138,23
dKO,dKO,down,63,1139.240506329114,3.2339369353004126,1.9744885780768149,23
dKO,dKO,down,64,1189.8734177215188,3.603075110497682,2.3472739611530224,23
dKO,dKO,down,65,1240.506329113924,3.5021689079118814,2.044359587387115,23
dKO,dKO,down,66,1291.1392405063293,3.3643041050606883,1.6897908196324756,23
dKO,dKO,down,67,1341.7721518987341,3.154155730924744,1.4530541659545229,23
dKO,dKO,down,68,1392.4050632911394,2.9049156658891317,1.2453024413626852,23
dKO,dKO,down,69,1443.0379746835442,2.4086245204054793,0.8750874878560937,23
dKO,dKO,down,70,1493.6708860759495,2.202918568901394,0.7228480855354323,23
dKO,dKO,down,71,1544.3037974683543,2.407496605817822,0.8138624669352947,23
dKO,dKO,down,72,1594.9367088607596,2.258384418072908,0.7535481794598069,23
dKO,dKO,down,73,1645.5696202531644,2.2746571379813596,0.7738081167489568,23
dKO,dKO,down,74,1696.2025316455697,2.4339736494119615,0.8383645181223667,23
dKO,dKO,down,75,1746.8354430379745,2.4464193755301875,0.8300806300536115,23
dKO,dKO,down,76,1797.4683544303798,2.485497819237087,0.7233636937982502,23
dKO,dKO,down,77,1848.1012658227846,2.481132455424986,0.761499131113397,23
dKO,dKO,down,78,1898.73417721519,2.2096577284992605,0.6413760908290247,23
dKO,dKO,down,79,1949.3670886075947,1.868445694135583,0.5700184803496545,23
dKO,dKO,down,80,2000,1.3584397801108983,0.39046881985937065,23
