genotype,topology,bin,position,n_motifs,mean,sem
DHX36KO,antiparallel,1,-1975,91,16.65241988328118,2.4451581861286953
DHX36KO,antiparallel,2,-1925,72,14.846928623407635,1.6811626950547567
DHX36KO,antiparallel,3,-1875,71,21.695051480878828,3.270547271355879
DHX36KO,antiparallel,4,-1825,57,19.114012732379134,2.646042301140188
DHX36KO,antiparallel,5,-1775,78,18.245032174688024,1.9106596097756878
DHX36KO,antiparallel,6,-1725,76,17.664682094088043,2.135682600111494
DHX36KO,antiparallel,7,-1675,80,18.641092198526188,2.697041003979078
DHX36KO,antiparallel,8,-1625,67,18.027211646671233,2.1150142600791018
DHX36KO,antiparallel,9,-1575,74,18.473003396205797,2.087245621421789
DHX36KO,antiparallel,10,-1525,82,17.471427371703665,2.177579301719411
DHX36KO,antiparallel,11,-1475,73,18.40440429100301,2.038511322841332
DHX36KO,antiparallel,12,-1425,84,15.828192870824774,1.614970245299361
DHX36KO,antiparallel,13,-1375,74,16.07029043439844,2.028516191378722
DHX36KO,antiparallel,14,-1325,74,19.756785484520485,3.3094221568650335
DHX36KO,antiparallel,15,-1275,81,16.564325453561796,1.6533366359793102
DHX36KO,antiparallel,16,-1225,83,19.096806488200695,1.8233621478168685
DHX36KO,antiparallel,17,-1175,93,17.058406795012264,1.968552593587263
DHX36KO,antiparallel,18,-1125,78,16.41997806097104,1.774670307651753
DHX36KO,antiparallel,19,-1075,74,15.776598092458265,1.7194209974387793
DHX36KO,antiparallel,20,-1025,87,16.196671105165574,2.23177792477734
DHX36KO,antiparallel,21,-975,72,18.765125401920763,2.1863726115425908
DHX36KO,antiparallel,22,-925,86,15.812770181629714,2.3950177095615017
DHX36KO,antiparallel,23,-875,95,16.913883213652692,1.6543917776708676
DHX36KO,antiparallel,24,-825,74,14.58044307589141,1.2715174431140683
DHX36KO,antiparallel,25,-775,74,23.404439817661718,3.24223575042365
DHX36KO,antiparallel,26,-725,82,17.884191685604712,2.970025106018171
DHX36KO,antiparallel,27,-675,94,18.69174363247732,1.982585372176248
DHX36KO,antiparallel,28,-625,102,20.007874972309846,2.219119785394346
DHX36KO,antiparallel,29,-575,92,20.04460863908407,2.5887194503615865
DHX36KO,antiparallel,30,-525,88,21.33692883049428,2.3268117650063282
DHX36KO,antiparallel,31,-475,111,18.913031369229977,1.7887981127413393
DHX36KO,antiparallel,32,-425,79,26.035590958607287,4.064483715762958
DHX36KO,antiparallel,33,-375,109,19.454122104124895,1.9128215894301925
DHX36KO,antiparallel,34,-325,112,20.02937411107926,1.9719744818692193
DHX36KO,antiparallel,35,-275,99,28.255590807853007,3.2025626145722748
DHX36KO,antiparallel,36,-225,107,25.003783392986744,3.005225957501892
DHX36KO,antiparallel,37,-175,121,22.82340463718795,2.5540799376808363
DHX36KO,antiparallel,38,-125,123,23.303848282365625,2.385319730747098
DHX36KO,antiparallel,39,-75,137,22.016844686781788,2.073445690072483
DHX36KO,antiparallel,40,-25,136,26.063722046758823,3.437811692723052
DHX36KO,antiparallel,41,25,151,26.938900155642646,2.8015266053723775
DHX36KO,antiparallel,42,75,178,27.03609501657801,2.7694185053634
DHX36KO,antiparallel,43,125,176,27.162721723458507,2.7426317054421836
DHX36KO,antiparallel,44,175,193,22.687008838781235,2.1674664117924776
DHX36KO,antiparallel,45,225,196,22.08159366435628,1.826460033820956
DHX36KO,antiparallel,46,275,193,23.15659557689618,2.587665675575015
DHX36KO,antiparallel,47,325,179,22.40711355752511,1.7697487682760202
DHX36KO,antiparallel,48,375,140,20.5044883673944,1.5715325335960741
DHX36KO,antiparallel,49,425,153,22.981316264884928,2.475240910032925
DHX36KO,antiparallel,50,475,151,23.505994508616354,2.9491888569696694
DHX36KO,antiparallel,51,525,150,22.684867230405327,2.732178934969471
DHX36KO,antiparallel,52,575,115,21.49419776110395,2.285276489231894
DHX36KO,antiparallel,53,625,120,16.382540145206676,1.494382571590808
DHX36KO,antiparallel,54,675,127,20.112040825678793,2.3674936247072482
DHX36KO,antiparallel,55,725,113,18.068643040863765,2.020274340780673
DHX36KO,antiparallel,56,775,119,13.682354243411659,0.9945097856510782
DHX36KO,antiparallel,57,825,94,17.58168199640202,1.3871763648625068
DHX36KO,antiparallel,58,875,99,16.61013667739464,1.7666453670422428
DHX36KO,antiparallel,59,925,90,19.5105827314102,2.750073377730013
DHX36KO,antiparallel,60,975,91,15.970680312617812,1.4460194079315636
DHX36KO,antiparallel,61,1025,99,17.16476403397867,1.7911904267938408
DHX36KO,antiparallel,62,1075,83,16.66070924212486,1.8258994008588392
DHX36KO,antiparallel,63,1125,90,16.265719053458394,1.5946807267961263
DHX36KO,antiparallel,64,1175,87,20.670917603452434,2.960538007380315
DHX36KO,antiparallel,65,1225,91,16.214287982812014,1.4568045182231444
DHX36KO,antiparallel,66,1275,94,19.03542176204589,2.92555351238555
DHX36KO,antiparallel,67,1325,88,20.797757275819276,2.4881173310558773
DHX36KO,antiparallel,68,1375,103,15.986035210447627,1.8532486887699822
DHX36KO,antiparallel,69,1425,95,18.763698821424907,1.9602400364250667
DHX36KO,antiparallel,70,1475,96,18.64366904936109,2.1461872982231744
DHX36KO,antiparallel,71,1525,72,22.265272184703942,3.4531707551874256
DHX36KO,antiparallel,72,1575,95,15.957135871339657,1.5650805810755248
DHX36KO,antiparallel,73,1625,86,18.869145866689333,3.2680691319113273
DHX36KO,antiparallel,74,1675,79,19.242443979353272,3.6667824380565395
DHX36KO,antiparallel,75,1725,96,15.47932551174145,1.299747087531184
DHX36KO,antiparallel,76,1775,95,16.647840509951983,1.8555093153520819
DHX36KO,antiparallel,77,1825,81,17.88703987353767,2.2238292599105898
DHX36KO,antiparallel,78,1875,81,20.113995426551906,2.1767153612814742
DHX36KO,antiparallel,79,1925,85,15.78783352530162,1.3901240301673226
DHX36KO,antiparallel,80,1975,95,17.91944245584579,1.608181172458564
DHX36KO,hybrid,1,-1975,53,20.700169246185332,2.584521414507992
DHX36KO,hybrid,2,-1925,63,22.539161513656236,3.9155265898821314
DHX36KO,hybrid,3,-1875,66,17.153229760907394,1.9471571357149366
DHX36KO,hybrid,4,-1825,66,15.377917805163248,1.8369267702629508
DHX36KO,hybrid,5,-1775,60,22.1148957714875,2.648419313770613
DHX36KO,hybrid,6,-1725,70,20.625227144077417,3.240951447055799
DHX36KO,hybrid,7,-1675,66,17.212205693616216,2.1036907569209413
DHX36KO,hybrid,8,-1625,71,16.436665884180933,1.8920195142498184
DHX36KO,hybrid,9,-1575,63,20.033853744465137,2.590559441017016
DHX36KO,hybrid,10,-1525,69,18.57296432316379,2.2784271653749704
DHX36KO,hybrid,11,-1475,67,19.600079142933144,2.749573705867919
DHX36KO,hybrid,12,-1425,69,16.091887390633325,2.2391342895620663
DHX36KO,hybrid,13,-1375,74,21.19181267102004,2.865253861920797
DHX36KO,hybrid,14,-1325,68,15.9101728348892,1.8512320496834898
DHX36KO,hybrid,15,-1275,60,20.46969043000948,3.6823568131461255
DHX36KO,hybrid,16,-1225,72,15.18935897766786,1.1901875441716883
DHX36KO,hybrid,17,-1175,76,15.357715878788792,1.5886146696756132
DHX36KO,hybrid,18,-1125,62,14.382683964284665,1.6233084591399742
DHX36KO,hybrid,19,-1075,62,21.004416540340813,3.4376195437883275
DHX36KO,hybrid,20,-1025,57,17.511262235079336,1.864114508327714
DHX36KO,hybrid,21,-975,76,18.229134305948737,1.9579945041638036
DHX36KO,hybrid,22,-925,78,16.644689997572037,2.2672699483681105
DHX36KO,hybrid,23,-875,79,17.791265210451805,2.0830187986941304
DHX36KO,hybrid,24,-825,83,20.844984853726654,4.016984009862401
DHX36KO,hybrid,25,-775,93,20.851091897583935,2.5110232080012866
DHX36KO,hybrid,26,-725,63,20.335729409658686,3.0284380863134848
DHX36KO,hybrid,27,-675,74,15.688775211175924,1.3520817063340205
DHX36KO,hybrid,28,-625,83,17.720792326029894,2.7885288691893546
DHX36KO,hybrid,29,-575,87,16.54980689260713,1.3045875985586781
DHX36KO,hybrid,30,-525,97,19.16522771419771,1.916803464031499
DHX36KO,hybrid,31,-475,87,17.17982430460432,2.019643193681004
DHX36KO,hybrid,32,-425,100,20.420225235725912,2.418059561875194
DHX36KO,hybrid,33,-375,97,20.771531379468865,2.1341886825402283
DHX36KO,hybrid,34,-325,115,19.346245865811866,2.0128847602432676
DHX36KO,hybrid,35,-275,141,21.327396679030837,1.8079620729853316
DHX36KO,hybrid,36,-225,136,27.97447638695513,4.357315811619931
DHX36KO,hybrid,37,-175,134,27.9330542620723,3.7035835743946017
DHX36KO,hybrid,38,-125,190,24.065809811427872,2.2427418487373583
DHX36KO,hybrid,39,-75,203,26.41076442594841,2.4795293396934923
DHX36KO,hybrid,40,-25,243,31.63713454713446,3.1457405182473117
DHX36KO,hybrid,41,25,235,27.366773024681642,2.1907452453025558
DHX36KO,hybrid,42,75,240,28.53208386662868,2.2872944962754858
DHX36KO,hybrid,43,125,275,27.7995295231838,2.5370797391521185
DHX36KO,hybrid,44,175,246,25.822014222406228,2.3947108499599157
DHX36KO,hybrid,45,225,238,21.20588087722181,1.3978952311062987
DHX36KO,hybrid,46,275,231,22.172030218132303,1.683140721429298
DHX36KO,hybrid,47,325,201,30.063750035381975,2.954109930285544
DHX36KO,hybrid,48,375,208,20.69691444877243,1.347517685656176
DHX36KO,hybrid,49,425,203,21.04742265329696,2.076817708218882
DHX36KO,hybrid,50,475,164,23.51389894091822,2.380616954921663
DHX36KO,hybrid,51,525,168,17.123755298211876,1.2343331590845696
DHX36KO,hybrid,52,575,142,22.73255810488293,1.839236051973329
DHX36KO,hybrid,53,625,141,19.37827825945017,2.436912612171746
DHX36KO,hybrid,54,675,142,17.953248120246933,1.60276523564244
DHX36KO,hybrid,55,725,132,18.149936793774444,1.4382793838352639
DHX36KO,hybrid,56,775,134,16.37200096509164,1.6446714429546672
DHX36KO,hybrid,57,825,114,17.311367792153476,2.1022662784468813
DHX36KO,hybrid,58,875,118,17.686752000854767,1.5099975643668615
DHX36KO,hybrid,59,925,128,17.738479406960543,1.4374952199825677
DHX36KO,hybrid,60,975,86,17.20894631769522,2.1098795600816223
DHX36KO,hybrid,61,1025,110,16.716177843534695,1.3335839563163674
DHX36KO,hybrid,62,1075,95,20.406087726396738,2.2862325558427252
DHX36KO,hybrid,63,1125,81,16.70268080962724,1.450534807826028
DHX36KO,hybrid,64,1175,98,21.68461632129242,4.0353519623346745
DHX36KO,hybrid,65,1225,98,18.14893435468229,1.8923003848136297
DHX36KO,hybrid,66,1275,107,17.152556953897474,1.8975536617131796
DHX36KO,hybrid,67,1325,98,17.275119407784498,1.6984682369892536
DHX36KO,hybrid,68,1375,92,19.45371199414221,3.012084678862704
DHX36KO,hybrid,69,1425,96,15.804277512245395,1.2330565862054688
DHX36KO,hybrid,70,1475,90,22.466464927156085,3.5500535889204436
DHX36KO,hybrid,71,1525,89,22.36861394655934,3.225461634255543
DHX36KO,hybrid,72,1575,84,18.513598318902705,2.097228552553363
DHX36KO,hybrid,73,1625,71,24.63587394503954,3.115128111502442
DHX36KO,hybrid,74,1675,101,17.987815920297354,1.6918121968280804
DHX36KO,hybrid,75,1725,89,18.84421113201457,2.3099310312729346
DHX36KO,hybrid,76,1775,81,22.566103569740253,3.278925804209416
DHX36KO,hybrid,77,1825,86,22.233623147226886,4.086495953535183
DHX36KO,hybrid,78,1875,90,19.04388758285019,3.2246954063100364
DHX36KO,hybrid,79,1925,86,16.096276285093975,1.694085921457313
DHX36KO,hybrid,80,1975,84,20.294659905495127,3.520598833342612
DHX36KO,parallel,1,-1975,377,18.512642478179995,1.2116592129935801
DHX36KO,parallel,2,-1925,395,17.068479335254274,0.8876543206643931
DHX36KO,parallel,3,-1875,380,16.909872252473743,0.9238148306691779
DHX36KO,parallel,4,-1825,423,16.48802803764336,0.7681382162878443
DHX36KO,parallel,5,-1775,398,18.8744220822719,1.2772909645819974
DHX36KO,parallel,6,-1725,443,18.55763228012998,1.0377544599225514
DHX36KO,parallel,7,-1675,409,16.351876413317015,0.7898561189787093
DHX36KO,parallel,8,-1625,455,16.710045893074586,0.8336488451450987
DHX36KO,parallel,9,-1575,412,18.092442868251428,1.067343388388765
DHX36KO,parallel,10,-1525,460,18.482943560214313,0.9834203321735437
DHX36KO,parallel,11,-1475,414,17.66231679420906,0.9428867435109821
DHX36KO,parallel,12,-1425,433,17.969896261378633,0.9829729463988541
DHX36KO,parallel,13,-1375,450,17.537900471881496,0.8346003098437411
DHX36KO,parallel,14,-1325,419,19.026781683660644,0.9752672883984451
DHX36KO,parallel,15,-1275,442,17.792230432735735,0.8801591306372554
DHX36KO,parallel,16,-1225,433,16.94017831712395,0.7177468599728574
DHX36KO,parallel,17,-1175,406,16.805304819620055,0.9438875570466235
DHX36KO,parallel,18,-1125,432,17.170804759497692,0.9141234959504299
DHX36KO,parallel,19,-1075,455,17.15206579559669,1.1476077875259267
DHX36KO,parallel,20,-1025,487,16.817402309013865,0.885091003413833
DHX36KO,parallel,21,-975,466,17.339440212206807,1.0262336277449802
DHX36KO,parallel,22,-925,452,16.8912121025512,0.8948570628394747
DHX36KO,parallel,23,-875,536,17.411004665121002,1.0244228776274436
DHX36KO,parallel,24,-825,491,17.343575672592905,0.9019577516631757
DHX36KO,parallel,25,-775,534,17.383011811216836,0.9616343914051989
DHX36KO,parallel,26,-725,519,18.10695625330485,0.9652535096863276
DHX36KO,parallel,27,-675,541,18.73882341905944,0.9165556534727407
DHX36KO,parallel,28,-625,519,18.177515935794524,0.933052810290057
DHX36KO,parallel,29,-575,572,17.75103711680646,0.917487096910479
DHX36KO,parallel,30,-525,624,17.467554293363804,0.7135931612778689
DHX36KO,parallel,31,-475,611,18.763950750583653,0.8268789168597546
DHX36KO,parallel,32,-425,654,17.757474981346657,0.6899311678826023
DHX36KO,parallel,33,-375,687,19.97439426485867,0.8969608761819382
DHX36KO,parallel,34,-325,795,20.31781100135314,0.8393639993095252
DHX36KO,parallel,35,-275,799,23.753777195763085,1.1734707219034628
DHX36KO,parallel,36,-225,837,24.787360296312766,1.2773642089805943
DHX36KO,parallel,37,-175,943,25.70538339428491,1.4175994684159148
DHX36KO,parallel,38,-125,1086,27.745108878444604,1.392561362408702
DHX36KO,parallel,39,-75,1295,28.985611436743447,1.2407487918534528
DHX36KO,parallel,40,-25,1520,28.220718271174288,1.0017762625495492
DHX36KO,parallel,41,25,1385,28.28672129589537,1.0536920633091125
DHX36KO,parallel,42,75,1428,26.344339001077458,0.9509523449883467
DHX36KO,parallel,43,125,1327,26.966837266986865,0.9972661968823238
DHX36KO,parallel,44,175,1303,24.157656469539315,0.816883806859538
DHX36KO,parallel,45,225,1383,24.07077183052309,0.7694012295625099
DHX36KO,parallel,46,275,1279,23.436550059468654,0.8220173681167479
DHX36KO,parallel,47,325,1201,21.610255838474227,0.6857293955009471
DHX36KO,parallel,48,375,1145,21.34271891979524,0.7383656486451753
DHX36KO,parallel,49,425,1031,20.19619674806261,0.6866822306066963
DHX36KO,parallel,50,475,1040,20.191407098310048,0.6564977393559678
DHX36KO,parallel,51,525,986,19.20545363100014,0.737883222491864
DHX36KO,parallel,52,575,937,18.607166169492363,0.7380498617713792
DHX36KO,parallel,53,625,890,19.30898869985536,0.780516415416171
DHX36KO,parallel,54,675,823,19.276345962341594,0.8775187294142951
DHX36KO,parallel,55,725,766,17.955713418067766,0.7559997269890046
DHX36KO,parallel,56,775,737,18.462114583775055,0.9576043700582072
DHX36KO,parallel,57,825,743,16.910313603158443,0.6078717782237326
DHX36KO,parallel,58,875,681,17.708847040140064,1.0038356235685495
DHX36KO,parallel,59,925,661,17.08743093419577,0.8009129171040216
DHX36KO,parallel,60,975,623,18.10981101012625,0.7724615192746691
DHX36KO,parallel,61,1025,620,17.700454602182273,0.8838867965948853
DHX36KO,parallel,62,1075,631,18.566577277018975,1.1102567077332846
DHX36KO,parallel,63,1125,609,18.0109264659149,0.7999315790578916
DHX36KO,parallel,64,1175,631,17.17145718705542,0.8731116919972164
DHX36KO,parallel,65,1225,597,18.84212030000679,1.0663001324544106
DHX36KO,parallel,66,1275,564,19.894340652325265,1.1635058845226518
DHX36KO,parallel,67,1325,562,19.38149913529049,0.9654564355389013
DHX36KO,parallel,68,1375,589,20.647134917487772,1.2286712780340505
DHX36KO,parallel,69,1425,574,20.80201319850124,1.1803362311569712
DHX36KO,parallel,70,1475,528,17.310270295462914,0.8065023078632353
DHX36KO,parallel,71,1525,560,18.131861101380036,0.9707545779235797
DHX36KO,parallel,72,1575,483,17.998063002920066,1.0904948046701122
DHX36KO,parallel,73,1625,557,17.945557879046362,0.9908670921936832
DHX36KO,parallel,74,1675,499,17.073465559388023,0.8069232209912244
DHX36KO,parallel,75,1725,503,18.539167160612653,1.0784741739307553
DHX36KO,parallel,76,1775,514,16.1164948391631,0.7426336096784439
DHX36KO,parallel,77,1825,552,18.164160618328108,0.919277015025476
DHX36KO,parallel,78,1875,495,18.92378111026921,1.1133413737648123
DHX36KO,parallel,79,1925,458,17.19955626482737,0.8783843773711478
DHX36KO,parallel,80,1975,488,19.653592396681976,1.2575590291243013
FANCJKO,antiparallel,1,-1975,91,12.168770959719103,2.066562770438898
FANCJKO,antiparallel,2,-1925,72,11.22153496782611,1.5161285512484708
FANCJKO,antiparallel,3,-1875,71,14.934209919005344,2.4716789173015847
FANCJKO,antiparallel,4,-1825,57,13.52100945247735,2.1305160217596946
FANCJKO,antiparallel,5,-1775,78,12.840281953032834,1.4512162052260273
FANCJKO,antiparallel,6,-1725,76,12.012611696875574,1.5884533606769413
FANCJKO,antiparallel,7,-1675,80,12.33709022370391,1.8097231540054124
FANCJKO,antiparallel,8,-1625,67,12.601568968770339,1.5833351140883312
FANCJKO,antiparallel,9,-1575,74,12.901862919172975,1.6061873387404846
FANCJKO,antiparallel,10,-1525,82,12.03515635027168,1.6336453868748233
FANCJKO,antiparallel,11,-1475,73,12.90751960030359,1.4888085825756112
FANCJKO,antiparallel,12,-1425,84,10.5141718393817,1.1842488035887304
FANCJKO,antiparallel,13,-1375,74,11.434964307550516,1.6264460648896177
FANCJKO,antiparallel,14,-1325,74,14.06703215660623,2.7344905474525554
FANCJKO,antiparallel,15,-1275,81,11.082777213360073,1.3650336190918189
FANCJKO,antiparallel,16,-1225,83,13.074053459290003,1.3838595010387345
FANCJKO,antiparallel,17,-1175,93,12.092544264954443,1.6082041821453281
FANCJKO,antiparallel,18,-1125,78,11.457752643763657,1.329609090254835
FANCJKO,antiparallel,19,-1075,74,11.284140711119536,1.4935381496672653
FANCJKO,antiparallel,20,-1025,87,11.633121102821658,1.584713964669072
FANCJKO,antiparallel,21,-975,72,12.950651903719297,1.5473584009223487
FANCJKO,antiparallel,22,-925,86,12.17151999965737,2.409256104907097
FANCJKO,antiparallel,23,-875,95,12.063333432926415,1.3744322480240876
FANCJKO,antiparallel,24,-825,74,9.288870175757,0.8103319753992416
FANCJKO,antiparallel,25,-775,74,17.037012395619502,2.5681705159862984
FANCJKO,antiparallel,26,-725,82,13.142152474294255,2.45312954954524
FANCJKO,antiparallel,27,-675,94,13.11599593693197,1.6099263093456675
FANCJKO,antiparallel,28,-625,102,14.190516373490805,1.850728525652681
FANCJKO,antiparallel,29,-575,92,15.164979162187134,2.3070482346349825
FANCJKO,antiparallel,30,-525,88,15.351054148325892,1.8317063649936245
FANCJKO,antiparallel,31,-475,111,13.589226486181248,1.508056811539203
FANCJKO,antiparallel,32,-425,79,19.925100404957412,3.549695871290992
FANCJKO,antiparallel,33,-375,109,13.495989975454142,1.2849683238798288
FANCJKO,antiparallel,34,-325,112,14.030939635813406,1.4843864981157753
FANCJKO,antiparallel,35,-275,99,20.0085848194252,2.567716578666003
FANCJKO,antiparallel,36,-225,107,17.916390769454424,2.0988545758367905
FANCJKO,antiparallel,37,-175,121,16.088386829776784,2.002300875678655
FANCJKO,antiparallel,38,-125,123,16.633834597099067,1.8971851420109094
FANCJKO,antiparallel,39,-75,137,16.115955873037933,1.6375977403418467
FANCJKO,antiparallel,40,-25,136,19.029474798769105,2.8650154146118694
FANCJKO,antiparallel,41,25,151,19.43376716742184,2.1738188505196687
FANCJKO,antiparallel,42,75,178,20.32240529123959,2.2644117243044364
FANCJKO,antiparallel,43,125,176,21.41986467825864,2.515265402046003
FANCJKO,antiparallel,44,175,193,17.203113537326022,1.8088306084617476
FANCJKO,antiparallel,45,225,196,16.248166041754143,1.4681859202600163
FANCJKO,antiparallel,46,275,193,17.49394917807276,2.1307677459467396
FANCJKO,antiparallel,47,325,179,16.705672979854064,1.382558029431072
FANCJKO,antiparallel,48,375,140,15.135748831697958,1.2277058411983803
FANCJKO,antiparallel,49,425,153,16.46687638317451,1.9237719669717859
FANCJKO,antiparallel,50,475,151,18.239749573380042,2.561735620718282
FANCJKO,antiparallel,51,525,150,17.169085577624223,2.23864247388342
FANCJKO,antiparallel,52,575,115,15.161433233094977,1.601366698455197
FANCJKO,antiparallel,53,625,120,12.609174849431511,1.2007734799656467
FANCJKO,antiparallel,54,675,127,14.82687917035374,1.8244610048899592
FANCJKO,antiparallel,55,725,113,13.491629443608605,1.598472858799563
FANCJKO,antiparallel,56,775,119,10.05111632639893,0.7822182415637016
FANCJKO,antiparallel,57,825,94,13.017081850887223,1.1025938094657586
FANCJKO,antiparallel,58,875,99,11.948257820361452,1.2845033342497176
FANCJKO,antiparallel,59,925,90,14.036734176839675,1.8252603015373863
FANCJKO,antiparallel,60,975,91,10.8673869227554,0.9917353632399307
FANCJKO,antiparallel,61,1025,99,12.64044480690663,1.3836456254122669
FANCJKO,antiparallel,62,1075,83,12.065812572777627,1.470162851104823
FANCJKO,antiparallel,63,1125,90,11.2204538471773,1.2190604505185296
FANCJKO,antiparallel,64,1175,87,14.916061400905901,2.004266592212968
FANCJKO,antiparallel,65,1225,91,11.632541665575015,1.083616814516808
FANCJKO,antiparallel,66,1275,94,12.850809851796384,2.0488142507671068
FANCJKO,antiparallel,67,1325,88,14.876373768250417,1.9818669484276819
FANCJKO,antiparallel,68,1375,103,11.429721840319413,1.4484902178933015
FANCJKO,antiparallel,69,1425,95,12.651228233772578,1.5777250983260824
FANCJKO,antiparallel,70,1475,96,13.703615057914872,1.7767157057137466
FANCJKO,antiparallel,71,1525,72,15.224917678333721,2.414434062988815
FANCJKO,antiparallel,72,1575,95,11.670366337603795,1.346532230593532
FANCJKO,antiparallel,73,1625,86,13.423694842216838,2.6588263595642623
FANCJKO,antiparallel,74,1675,79,14.05807204774238,2.9310934882273645
FANCJKO,antiparallel,75,1725,96,10.870826405097745,1.032816108845785
FANCJKO,antiparallel,76,1775,95,12.09940097127856,1.531773020904237
FANCJKO,antiparallel,77,1825,81,12.48778074975511,1.5781933827090813
FANCJKO,antiparallel,78,1875,81,13.9864803833377,1.7144033686431117
FANCJKO,antiparallel,79,1925,85,11.157379270706999,1.1282262271655334
FANCJKO,antiparallel,80,1975,95,12.856000341251173,1.2996227504994446
FANCJKO,hybrid,1,-1975,53,14.877290671953977,1.9864497772249625
FANCJKO,hybrid,2,-1925,63,17.028035768822058,3.4813701617728148
FANCJKO,hybrid,3,-1875,66,11.165995323898816,1.3452482233465837
FANCJKO,hybrid,4,-1825,66,10.961283790603332,1.4706814823924026
FANCJKO,hybrid,5,-1775,60,15.858031198644323,2.2581919527400256
FANCJKO,hybrid,6,-1725,70,14.595008291228917,2.4640264886807874
FANCJKO,hybrid,7,-1675,66,12.314581311757292,1.7747384507467008
FANCJKO,hybrid,8,-1625,71,11.978704272334957,1.6323658139692017
FANCJKO,hybrid,9,-1575,63,14.493555584931405,2.283697579436748
FANCJKO,hybrid,10,-1525,69,13.639368716470583,1.957810404655105
FANCJKO,hybrid,11,-1475,67,13.911286791699737,2.4961069228691146
FANCJKO,hybrid,12,-1425,69,11.771866111217644,1.767634332933633
FANCJKO,hybrid,13,-1375,74,14.503726074658827,2.2610484413622722
FANCJKO,hybrid,14,-1325,68,11.495724777287593,1.567836156060922
FANCJKO,hybrid,15,-1275,60,15.80554170859262,3.1019985731031046
FANCJKO,hybrid,16,-1225,72,10.075486856225623,1.0823592139735974
FANCJKO,hybrid,17,-1175,76,11.273622220678147,1.4330502224994206
FANCJKO,hybrid,18,-1125,62,9.330848512530665,1.1894408442870632
FANCJKO,hybrid,19,-1075,62,15.354172479811089,2.5255884941979003
FANCJKO,hybrid,20,-1025,57,12.428779148964612,1.4895390130629582
FANCJKO,hybrid,21,-975,76,12.415419405354372,1.4833581852594147
FANCJKO,hybrid,22,-925,78,12.495777316192191,1.8674529794771229
FANCJKO,hybrid,23,-875,79,12.814646688206714,1.6619491084126266
FANCJKO,hybrid,24,-825,83,15.66389155028219,3.395655670482741
FANCJKO,hybrid,25,-775,93,15.380909204831653,1.993813252245148
FANCJKO,hybrid,26,-725,63,16.495580083393968,2.513416488268548
FANCJKO,hybrid,27,-675,74,10.729281640630916,0.9625728487704938
FANCJKO,hybrid,28,-625,83,12.454030322757987,2.3074695704418366
FANCJKO,hybrid,29,-575,87,11.623902722877597,1.0042205206551038
FANCJKO,hybrid,30,-525,97,13.27169449011925,1.4591471113971755
FANCJKO,hybrid,31,-475,87,12.698716369098069,1.6040089466098781
FANCJKO,hybrid,32,-425,100,14.67624456275755,2.114438411690558
FANCJKO,hybrid,33,-375,97,15.213034473309525,1.7816047045780288
FANCJKO,hybrid,34,-325,115,14.195898841360684,1.7109505158385618
FANCJKO,hybrid,35,-275,141,15.503374986032878,1.5462774654045934
FANCJKO,hybrid,36,-225,136,21.01451559739687,3.776616627712931
FANCJKO,hybrid,37,-175,134,20.762710398119726,3.186639049685558
FANCJKO,hybrid,38,-125,190,17.828803912884926,1.864756028670158
FANCJKO,hybrid,39,-75,203,19.165252240133274,2.0682082800555897
FANCJKO,hybrid,40,-25,243,24.359115947353672,2.6233861599081276
FANCJKO,hybrid,41,25,235,20.46989732360096,1.7732518264564896
FANCJKO,hybrid,42,75,240,21.21187715664745,1.8117940062731752
FANCJKO,hybrid,43,125,275,20.592867188913043,2.052352550945489
FANCJKO,hybrid,44,175,246,19.56168030894176,1.9036641377939068
FANCJKO,hybrid,45,225,238,15.62371914602252,1.1242410649840406
FANCJKO,hybrid,46,275,231,16.37855954327629,1.3478994686997063
FANCJKO,hybrid,47,325,201,22.58483529897983,2.441594810706376
FANCJKO,hybrid,48,375,208,15.315347144165647,1.129147176463382
FANCJKO,hybrid,49,425,203,15.841383409588353,1.7910309266858173
FANCJKO,hybrid,50,475,164,16.99498726280671,1.8763082313244293
FANCJKO,hybrid,51,525,168,12.351373282828753,0.9751463734216218
FANCJKO,hybrid,52,575,142,16.59731728037045,1.495423290565653
FANCJKO,hybrid,53,625,141,14.546464401037744,2.3296637977961225
FANCJKO,hybrid,54,675,142,13.288357011520867,1.326516834546269
FANCJKO,hybrid,55,725,132,12.656087132493266,1.0493372421982912
FANCJKO,hybrid,56,775,134,11.641324536097716,1.2786788086230867
FANCJKO,hybrid,57,825,114,12.187953872763696,1.4709613268241604
FANCJKO,hybrid,58,875,118,13.027408671530878,1.234056569062625
FANCJKO,hybrid,59,925,128,12.7176333394992,1.174677064865883
FANCJKO,hybrid,60,975,86,12.374507881573123,1.4938837679414556
FANCJKO,hybrid,61,1025,110,11.880982894107046,0.8905329159932434
FANCJKO,hybrid,62,1075,95,14.849325542752943,1.8458826548563372
FANCJKO,hybrid,63,1125,81,12.047219000777334,1.0890245754657544
FANCJKO,hybrid,64,1175,98,16.261060987774982,3.044287008102994
FANCJKO,hybrid,65,1225,98,12.640500253312466,1.439156749948279
FANCJKO,hybrid,66,1275,107,12.37075710630493,1.465509039303507
FANCJKO,hybrid,67,1325,98,11.33319912075363,1.1030122978007277
FANCJKO,hybrid,68,1375,92,15.096424473130082,2.7583533084096667
FANCJKO,hybrid,69,1425,96,11.340062813706709,0.9396496052304991
FANCJKO,hybrid,70,1475,90,16.881384989188174,2.801010548707383
FANCJKO,hybrid,71,1525,89,16.27248493659769,2.513162747593329
FANCJKO,hybrid,72,1575,84,13.741879354386612,1.6713667542043178
FANCJKO,hybrid,73,1625,71,18.42002246369717,2.830147765541517
FANCJKO,hybrid,74,1675,101,11.96782881772442,1.108208581858013
FANCJKO,hybrid,75,1725,89,13.57453443355135,1.988174490495356
FANCJKO,hybrid,76,1775,81,16.448698894443016,2.633494691024158
FANCJKO,hybrid,77,1825,86,15.526757109247487,3.326624217863392
FANCJKO,hybrid,78,1875,90,13.799913565335363,2.432297551499016
FANCJKO,hybrid,79,1925,86,10.632530828503207,1.1122722958246432
FANCJKO,hybrid,80,1975,84,13.934956771817374,2.7356970819872792
FANCJKO,parallel,1,-1975,377,13.446364696836413,1.0300753460148242
FANCJKO,parallel,2,-1925,395,11.827731622991353,0.7100528887258631
FANCJKO,parallel,3,-1875,380,12.264199250184753,0.7749533700115004
FANCJKO,parallel,4,-1825,423,11.273605490232875,0.5691185255792371
FANCJKO,parallel,5,-1775,398,13.403479543745206,0.9826574968351337
FANCJKO,parallel,6,-1725,443,13.337778658207737,0.8350859866027138
FANCJKO,parallel,7,-1675,409,11.249537570796893,0.5945382249718928
FANCJKO,parallel,8,-1625,455,11.706817077885214,0.6358305816093579
FANCJKO,parallel,9,-1575,412,12.72575875137977,0.809267388987573
FANCJKO,parallel,10,-1525,460,13.025292260549778,0.7403685251300628
FANCJKO,parallel,11,-1475,414,12.742755443832124,0.7259529318275837
FANCJKO,parallel,12,-1425,433,12.462885979629043,0.7597108271512343
FANCJKO,parallel,13,-1375,450,12.326861638036995,0.6325101117185519
FANCJKO,parallel,14,-1325,419,13.47340115261584,0.7712076004128718
FANCJKO,parallel,15,-1275,442,12.600115941561143,0.707230515317448
FANCJKO,parallel,16,-1225,433,11.999497346670058,0.5577124361931987
FANCJKO,parallel,17,-1175,406,11.612103687874402,0.7483835089999551
FANCJKO,parallel,18,-1125,432,11.943175047864845,0.7037210957207276
FANCJKO,parallel,19,-1075,455,12.304918734602772,0.898071984143821
FANCJKO,parallel,20,-1025,487,12.181541674728434,0.717644183581963
FANCJKO,parallel,21,-975,466,12.762417508517814,0.8444176105560596
FANCJKO,parallel,22,-925,452,11.963450407653054,0.6796972758939258
FANCJKO,parallel,23,-875,536,12.47038246366102,0.795802889772909
FANCJKO,parallel,24,-825,491,12.604717097351807,0.6841146255024972
FANCJKO,parallel,25,-775,534,12.79800048474625,0.803066651562615
FANCJKO,parallel,26,-725,519,12.823948711861629,0.7684078862014082
FANCJKO,parallel,27,-675,541,13.243634555691372,0.7373299140951043
FANCJKO,parallel,28,-625,519,12.94481421368422,0.7326899610846191
FANCJKO,parallel,29,-575,572,12.89298701765965,0.73322643191879
FANCJKO,parallel,30,-525,624,12.224916285536647,0.5720121115066326
FANCJKO,parallel,31,-475,611,13.289904867886104,0.6504169468138118
FANCJKO,parallel,32,-425,654,12.580999264015212,0.5527478805641237
FANCJKO,parallel,33,-375,687,14.666719636789496,0.7273643115952476
FANCJKO,parallel,34,-325,795,14.859620712363867,0.679582491971399
FANCJKO,parallel,35,-275,799,17.5287977968462,0.9450966774861492
FANCJKO,parallel,36,-225,837,18.59784471746509,1.0787682099522005
FANCJKO,parallel,37,-175,943,18.99213192441135,1.187307474455909
FANCJKO,parallel,38,-125,1086,20.792255689978145,1.1802980592705812
FANCJKO,parallel,39,-75,1295,21.977971829771267,1.0345047046871607
FANCJKO,parallel,40,-25,1520,21.197196516874154,0.8306591069024388
FANCJKO,parallel,41,25,1385,21.118513389294353,0.8629545019277471
FANCJKO,parallel,42,75,1428,19.733017201028584,0.7904403328566251
FANCJKO,parallel,43,125,1327,20.135328256935257,0.8064231862144697
FANCJKO,parallel,44,175,1303,17.94729393770718,0.6690966666541606
FANCJKO,parallel,45,225,1383,17.830997232726833,0.616870713017771
FANCJKO,parallel,46,275,1279,17.348298003408075,0.6612864157438593
FANCJKO,parallel,47,325,1201,16.04600117116296,0.5603108770234121
FANCJKO,parallel,48,375,1145,15.853948892745025,0.6014505411046887
FANCJKO,parallel,49,425,1031,14.978585294020677,0.5577010986542177
FANCJKO,parallel,50,475,1040,14.750818681208237,0.5319338344976335
FANCJKO,parallel,51,525,986,14.036465326415465,0.5970981929025128
FANCJKO,parallel,52,575,937,13.556229767165517,0.5996340764180788
FANCJKO,parallel,53,625,890,14.13654264241642,0.6488282851375998
FANCJKO,parallel,54,675,823,13.993071628226922,0.7571884970131592
FANCJKO,parallel,55,725,766,12.820040846995813,0.5844033663302395
FANCJKO,parallel,56,775,737,13.280143829511035,0.8213753947635746
FANCJKO,parallel,57,825,743,11.997676860486635,0.46858307899795626
FANCJKO,parallel,58,875,681,12.96469855336953,0.899745883428436
FANCJKO,parallel,59,925,661,11.975469248396632,0.6086182017613879
FANCJKO,parallel,60,975,623,12.978090596825943,0.6235397782088646
FANCJKO,parallel,61,1025,620,12.49098834771186,0.6997985108654662
FANCJKO,parallel,62,1075,631,13.41781761464756,0.8856333248763634
FANCJKO,parallel,63,1125,609,12.781053077697173,0.6022283325760975
FANCJKO,parallel,64,1175,631,12.204071942839368,0.6844829437803074
FANCJKO,parallel,65,1225,597,13.796007923807018,0.8449892884902964
FANCJKO,parallel,66,1275,564,14.358023869028141,0.9141743556564421
FANCJKO,parallel,67,1325,562,13.989852596061876,0.7482840015865987
FANCJKO,parallel,68,1375,589,14.64986323188047,0.9422713849034062
FANCJKO,parallel,69,1425,574,14.89587709135584,0.8785077042870919
FANCJKO,parallel,70,1475,528,12.161195348057683,0.5843199035359437
FANCJKO,parallel,71,1525,560,12.944522269834799,0.751872513382775
FANCJKO,parallel,72,1575,483,12.977241810548344,0.8612208592380555
FANCJKO,parallel,73,1625,557,12.58243608034233,0.7466853347485731
FANCJKO,parallel,74,1675,499,12.295698651552447,0.6467990941276849
FANCJKO,parallel,75,1725,503,13.322035251511396,0.8449012589184837
FANCJKO,parallel,76,1775,514,11.627519879311217,0.5980322215212007
FANCJKO,parallel,77,1825,552,13.176813598955638,0.7398363693611478
FANCJKO,parallel,78,1875,495,13.429600880690662,0.8690997950685797
FANCJKO,parallel,79,1925,458,12.070440837547068,0.7254117374558021
FANCJKO,parallel,80,1975,488,13.906332132539738,1.0354520187813583
WT,antiparallel,1,-1975,91,10.82761772472567,1.9255181692857433
WT,antiparallel,2,-1925,72,9.203182583273566,0.998911651786378
WT,antiparallel,3,-1875,71,12.619896999101673,2.044651128180677
WT,antiparallel,4,-1825,57,11.14775208440007,1.815928275658009
WT,antiparallel,5,-1775,78,11.922297038667313,1.2997945422589423
WT,antiparallel,6,-1725,76,10.38411434176206,1.324674391147317
WT,antiparallel,7,-1675,80,11.764281426711165,1.7970619006916968
WT,antiparallel,8,-1625,67,10.858304725732282,1.5819720240819284
WT,antiparallel,9,-1575,74,11.381122901638323,1.4573229338160794
WT,antiparallel,10,-1525,82,10.524736279838173,1.4574727261136031
WT,antiparallel,11,-1475,73,11.145598567088115,1.2600984745944672
WT,antiparallel,12,-1425,84,9.432615130038318,1.015401228635499
WT,antiparallel,13,-1375,74,9.943898971930007,1.5977875194295101
WT,antiparallel,14,-1325,74,12.857664630203713,2.6043908424892392
WT,antiparallel,15,-1275,81,10.028120719429522,1.2687001732294487
WT,antiparallel,16,-1225,83,11.36515507557244,1.1394692376898077
WT,antiparallel,17,-1175,93,10.390657204406898,1.2716782819083592
WT,antiparallel,18,-1125,78,9.848581471116525,1.1312306353612427
WT,antiparallel,19,-1075,74,9.802055939662665,1.200173680504914
WT,antiparallel,20,-1025,87,10.578079140521934,1.5529258131000527
WT,antiparallel,21,-975,72,11.28983602186681,1.3984568011326004
WT,antiparallel,22,-925,86,10.432311142560781,1.8480659025349397
WT,antiparallel,23,-875,95,10.124106926140573,1.264371705413711
WT,antiparallel,24,-825,74,8.056260190958573,0.7739368214393085
WT,antiparallel,25,-775,74,14.914069463551527,2.3444639056388143
WT,antiparallel,26,-725,82,11.160154840113762,2.2259073035803443
WT,antiparallel,27,-675,94,11.356965449377844,1.4069451125778096
WT,antiparallel,28,-625,102,12.159433459929751,1.5041358867736114
WT,antiparallel,29,-575,92,13.484436612000625,2.0084999323471506
WT,antiparallel,30,-525,88,13.583282392151338,1.6281035202236538
WT,antiparallel,31,-475,111,11.464831188588045,1.224761363495068
WT,antiparallel,32,-425,79,17.83572695278152,3.0648826456799845
WT,antiparallel,33,-375,109,11.614914417854486,1.2144046457615885
WT,antiparallel,34,-325,112,11.867176438764963,1.1938678571219208
WT,antiparallel,35,-275,99,17.895908404671033,2.2552398562591396
WT,antiparallel,36,-225,107,15.583170546734264,1.9306772431853167
WT,antiparallel,37,-175,121,14.25912773438426,1.8011107690936305
WT,antiparallel,38,-125,123,14.501857728380415,1.6557360515622945
WT,antiparallel,39,-75,137,14.17539851367167,1.4969177276891918
WT,antiparallel,40,-25,136,16.601514019202156,2.46306215083083
WT,antiparallel,41,25,151,16.857381743225993,1.9595522913070476
WT,antiparallel,42,75,178,17.748366506982837,2.0104346294156574
WT,antiparallel,43,125,176,18.476011724015688,2.20887920859947
WT,antiparallel,44,175,193,14.88747791855474,1.6439209822860739
WT,antiparallel,45,225,196,13.756191085389485,1.3067473615637533
WT,antiparallel,46,275,193,15.282111536699642,1.8786588762326055
WT,antiparallel,47,325,179,14.119894472401464,1.226855399908894
WT,antiparallel,48,375,140,12.435590964266261,0.9919396704060734
WT,antiparallel,49,425,153,14.129609826869403,1.7228789490440681
WT,antiparallel,50,475,151,15.581341157729046,2.257994310909656
WT,antiparallel,51,525,150,15.252111253407596,2.1146605305190747
WT,antiparallel,52,575,115,12.75046467059227,1.3556110947275652
WT,antiparallel,53,625,120,10.522770101845165,1.0441113348541615
WT,antiparallel,54,675,127,12.31704757722646,1.4876524993572766
WT,antiparallel,55,725,113,11.3608439830183,1.5040155008366114
WT,antiparallel,56,775,119,8.686591124721335,0.6814183456905762
WT,antiparallel,57,825,94,11.112205763008022,0.9596526021720424
WT,antiparallel,58,875,99,9.966255952417825,1.1611365645485252
WT,antiparallel,59,925,90,11.668373470820839,1.3101248894302873
WT,antiparallel,60,975,91,9.453945703995533,0.8231964565187457
WT,antiparallel,61,1025,99,11.030100401005742,1.1957479929483363
WT,antiparallel,62,1075,83,10.178125415399203,1.3538110701836823
WT,antiparallel,63,1125,90,10.208685247946866,1.1172114901707828
WT,antiparallel,64,1175,87,12.075089836613248,1.629137055609097
WT,antiparallel,65,1225,91,10.100617636065415,0.9452297404164246
WT,antiparallel,66,1275,94,11.158475518110953,1.820892870453676
WT,antiparallel,67,1325,88,13.343139874333982,1.7540926110952715
WT,antiparallel,68,1375,103,10.226834191989864,1.3484199411324869
WT,antiparallel,69,1425,95,11.212779850182322,1.4387160736926758
WT,antiparallel,70,1475,96,12.09535823219171,1.6356578035651104
WT,antiparallel,71,1525,72,14.063085564333408,2.3709006268815713
WT,antiparallel,72,1575,95,9.990273152465667,1.2252013352526516
WT,antiparallel,73,1625,86,11.703650860365949,2.3636782916010644
WT,antiparallel,74,1675,79,11.80214091476096,2.2563656233593092
WT,antiparallel,75,1725,96,9.399970144373217,0.9206302433903314
WT,antiparallel,76,1775,95,10.214727988690099,1.198994846622694
WT,antiparallel,77,1825,81,11.095520541098434,1.3506986591807781
WT,antiparallel,78,1875,81,12.153932455081826,1.5803623074329214
WT,antiparallel,79,1925,85,9.735479486831723,0.9672960435845009
WT,antiparallel,80,1975,95,10.850739694875687,1.1784750903872303
WT,hybrid,1,-1975,53,12.630823641039111,1.6328601435418415
WT,hybrid,2,-1925,63,15.034979152583421,3.1988258825044347
WT,hybrid,3,-1875,66,10.184007131096058,1.2202134815004764
WT,hybrid,4,-1825,66,9.33331782300003,1.27966333241819
WT,hybrid,5,-1775,60,13.714525947490406,1.904672763122154
WT,hybrid,6,-1725,70,13.039583317159167,2.0665680886736686
WT,hybrid,7,-1675,66,10.977630443899852,1.6130132317651866
WT,hybrid,8,-1625,71,10.60457194489938,1.4805212278429236
WT,hybrid,9,-1575,63,12.867782505901186,1.9858135931478338
WT,hybrid,10,-1525,69,11.526258132004298,1.5804610972326654
WT,hybrid,11,-1475,67,12.24854224348879,2.0586436274137196
WT,hybrid,12,-1425,69,10.023491320643396,1.4037218983002864
WT,hybrid,13,-1375,74,12.694309819757706,1.965376138213336
WT,hybrid,14,-1325,68,9.893080109294456,1.3690100395856208
WT,hybrid,15,-1275,60,13.138682879753835,2.5827450702354597
WT,hybrid,16,-1225,72,9.129115295663864,0.8654460591436202
WT,hybrid,17,-1175,76,9.176004972634354,1.103748420766015
WT,hybrid,18,-1125,62,8.262592701026641,1.143991244303789
WT,hybrid,19,-1075,62,12.601565794418516,2.280065031579606
WT,hybrid,20,-1025,57,10.38463894264653,1.1952767820069221
WT,hybrid,21,-975,76,10.887331581281162,1.4297716918940835
WT,hybrid,22,-925,78,11.15175520262609,1.7664111203220891
WT,hybrid,23,-875,79,11.45126462817795,1.4875981343298588
WT,hybrid,24,-825,83,12.7883256495436,2.7266921418540457
WT,hybrid,25,-775,93,13.230348755005613,1.7501497228595633
WT,hybrid,26,-725,63,13.797985594422421,2.201277337659586
WT,hybrid,27,-675,74,9.86602531542008,0.933136146332211
WT,hybrid,28,-625,83,10.669647030195478,2.1226802461356558
WT,hybrid,29,-575,87,10.695598990388069,0.8861751187432573
WT,hybrid,30,-525,97,11.304905074472758,1.2605127933194753
WT,hybrid,31,-475,87,10.634121542962125,1.3387684956326895
WT,hybrid,32,-425,100,12.536333548544256,1.8195753227367237
WT,hybrid,33,-375,97,13.177952131752447,1.4295153775319698
WT,hybrid,34,-325,115,11.847166642378399,1.455664376151327
WT,hybrid,35,-275,141,13.712651356542775,1.394405138818225
WT,hybrid,36,-225,136,18.914849399146643,3.5165884248572743
WT,hybrid,37,-175,134,18.420184047917726,2.879889327395165
WT,hybrid,38,-125,190,15.478493592308757,1.6765447695090725
WT,hybrid,39,-75,203,17.07285960692193,1.8073237160181073
WT,hybrid,40,-25,243,21.226793827785954,2.3365146462408406
WT,hybrid,41,25,235,17.95251453641837,1.5708950768685115
WT,hybrid,42,75,240,18.536966980066236,1.6352720836613197
WT,hybrid,43,125,275,18.486992556921916,1.8800161016109298
WT,hybrid,44,175,246,16.98550809209644,1.6742132488003556
WT,hybrid,45,225,238,13.599919706279422,1.026138473728393
WT,hybrid,46,275,231,14.0820953100878,1.1909203008224483
WT,hybrid,47,325,201,19.478185860800654,2.171219376666833
WT,hybrid,48,375,208,13.376840392226718,0.9732701525594522
WT,hybrid,49,425,203,13.81984441311957,1.5586025759016757
WT,hybrid,50,475,164,15.602764494700546,1.7823884382345525
WT,hybrid,51,525,168,10.542869116885914,0.8548341816366531
WT,hybrid,52,575,142,14.301953050907471,1.3474504637752018
WT,hybrid,53,625,141,12.47071162220249,2.061639870020343
WT,hybrid,54,675,142,11.219512088582308,1.1059896901867412
WT,hybrid,55,725,132,11.128188674253964,0.970594611523033
WT,hybrid,56,775,134,9.723874921972913,1.0704059909977583
WT,hybrid,57,825,114,10.861812188722379,1.4017089452892384
WT,hybrid,58,875,118,10.812830573756488,1.026456620754917
WT,hybrid,59,925,128,11.042966589899995,1.0065724573657848
WT,hybrid,60,975,86,10.506644736792248,1.4886129007101188
WT,hybrid,61,1025,110,10.445295877694257,0.8026735133085823
WT,hybrid,62,1075,95,13.16182585196875,1.6504758856283075
WT,hybrid,63,1125,81,10.225416330912115,1.0034843740358017
WT,hybrid,64,1175,98,13.707163437419757,2.8289689352300185
WT,hybrid,65,1225,98,10.66230801880273,1.3012172686532162
WT,hybrid,66,1275,107,10.589880404686525,1.279048496805813
WT,hybrid,67,1325,98,9.884166403747063,0.9842846714798756
WT,hybrid,68,1375,92,13.073929242029593,2.1985261814956414
WT,hybrid,69,1425,96,9.753140253162618,0.7267681784577968
WT,hybrid,70,1475,90,14.618630269585513,2.5941261170476193
WT,hybrid,71,1525,89,13.685138833114747,2.034688475498078
WT,hybrid,72,1575,84,11.18061130595727,1.4730914941801974
WT,hybrid,73,1625,71,16.45610061984472,2.406279922469416
WT,hybrid,74,1675,101,11.188865614350773,1.1080485759853298
WT,hybrid,75,1725,89,12.334913690027495,1.6610735580462093
WT,hybrid,76,1775,81,14.827978598366883,2.242776886122723
WT,hybrid,77,1825,86,13.688674520517987,3.029933057671932
WT,hybrid,78,1875,90,11.870536264879874,2.167619777857794
WT,hybrid,79,1925,86,9.363089604435492,0.9655221608413995
WT,hybrid,80,1975,84,12.0066516793147,2.312208448436041
WT,parallel,1,-1975,377,11.603203399998538,0.8970045604831663
WT,parallel,2,-1925,395,10.468129148064266,0.6294797777123188
WT,parallel,3,-1875,380,10.78860540500567,0.7038023567804345
WT,parallel,4,-1825,423,10.03855573521807,0.5562072189819611
WT,parallel,5,-1775,398,11.810230356797138,0.8682420529628319
WT,parallel,6,-1725,443,11.826370579670712,0.7698036181013598
WT,parallel,7,-1675,409,9.878539685585231,0.535015724020831
WT,parallel,8,-1625,455,10.329067538359539,0.5818943407301942
WT,parallel,9,-1575,412,11.330256324690463,0.738420445772571
WT,parallel,10,-1525,460,11.336912101994544,0.6442225690239879
WT,parallel,11,-1475,414,11.06558866752785,0.6289581685654418
WT,parallel,12,-1425,433,10.86149020645621,0.6664052312658403
WT,parallel,13,-1375,450,10.787541680630342,0.5574890971981845
WT,parallel,14,-1325,419,11.681486267283827,0.6474769533425417
WT,parallel,15,-1275,442,10.842336766473622,0.6213044766972589
WT,parallel,16,-1225,433,10.332208381857871,0.4882797656749358
WT,parallel,17,-1175,406,10.238500851786819,0.6752739277802915
WT,parallel,18,-1125,432,10.526504891985253,0.6374175880724402
WT,parallel,19,-1075,455,10.568921886033445,0.8210093848319472
WT,parallel,20,-1025,487,10.35798663552847,0.6362148453358117
WT,parallel,21,-975,466,10.782297208520545,0.7810160147972849
WT,parallel,22,-925,452,10.242925737283926,0.6080760072316247
WT,parallel,23,-875,536,10.75843943390301,0.6808257165149046
WT,parallel,24,-825,491,11.05962468006644,0.616283670348633
WT,parallel,25,-775,534,11.002912661062878,0.6703205485574413
WT,parallel,26,-725,519,11.095595103828543,0.6640938008145588
WT,parallel,27,-675,541,11.461251812970138,0.6581692091585704
WT,parallel,28,-625,519,11.22606749827902,0.6390380009339858
WT,parallel,29,-575,572,11.067355437522146,0.6251789539582875
WT,parallel,30,-525,624,10.579571941410226,0.4903718348073591
WT,parallel,31,-475,611,11.525600606599163,0.5873967491877535
WT,parallel,32,-425,654,10.92884641914686,0.4911634675918146
WT,parallel,33,-375,687,12.744822188022841,0.6509134505429034
WT,parallel,34,-325,795,12.979025366191742,0.6005137250323197
WT,parallel,35,-275,799,15.23770048620682,0.840903897517318
WT,parallel,36,-225,837,16.197170207100495,0.9798581992419262
WT,parallel,37,-175,943,16.707395280233015,1.0900134143446085
WT,parallel,38,-125,1086,18.390192268766192,1.0738460404451515
WT,parallel,39,-75,1295,19.27437682498346,0.9276037072142006
WT,parallel,40,-25,1520,18.51344590018617,0.7404358970793766
WT,parallel,41,25,1385,18.497987547000196,0.7662362496154573
WT,parallel,42,75,1428,17.2117036899617,0.7006584985668545
WT,parallel,43,125,1327,17.681518930004707,0.7310707806447736
WT,parallel,44,175,1303,15.74975975506371,0.598597205860615
WT,parallel,45,225,1383,15.561374277386944,0.5524586602328093
WT,parallel,46,275,1279,15.200178715430134,0.5869994390897314
WT,parallel,47,325,1201,13.94239150811038,0.4946860992924957
WT,parallel,48,375,1145,13.712397176263364,0.5283987340693025
WT,parallel,49,425,1031,12.970828411310464,0.5063409389368395
WT,parallel,50,475,1040,12.814126961736529,0.47297201637237035
WT,parallel,51,525,986,12.13646734297093,0.5402752951876557
WT,parallel,52,575,937,11.974340675096217,0.5492633985274337
WT,parallel,53,625,890,12.350945401063322,0.5858843879187587
WT,parallel,54,675,823,12.323047494225996,0.6817334450466142
WT,parallel,55,725,766,11.183201748435259,0.54195022192198
WT,parallel,56,775,737,11.552615108949293,0.7329914893674583
WT,parallel,57,825,743,10.459002733339416,0.4125886650742707
WT,parallel,58,875,681,11.099560587204163,0.7623416892216385
WT,parallel,59,925,661,10.531211583295102,0.5669695041161157
WT,parallel,60,975,623,11.419881122324673,0.5778694288942225
WT,parallel,61,1025,620,10.93222107710141,0.6307052343257539
WT,parallel,62,1075,631,11.737371327368912,0.770353211203657
WT,parallel,63,1125,609,11.185227355400515,0.5344514039204755
WT,parallel,64,1175,631,10.68587736886863,0.6328249382014017
WT,parallel,65,1225,597,12.032648318827329,0.7722829524634898
WT,parallel,66,1275,564,12.315634860957015,0.7992112963191813
WT,parallel,67,1325,562,11.98131810699846,0.6651037287209218
WT,parallel,68,1375,589,12.565706112620774,0.8513906724649895
WT,parallel,69,1425,574,12.758124830632765,0.7824281424583269
WT,parallel,70,1475,528,10.461812563184365,0.5053873840394606
WT,parallel,71,1525,560,11.060323790002423,0.652537010642664
WT,parallel,72,1575,483,10.990757366103539,0.6988636425575707
WT,parallel,73,1625,557,10.751312359167633,0.6258969153159152
WT,parallel,74,1675,499,10.860237416503367,0.5854387797679701
WT,parallel,75,1725,503,11.59418348664183,0.7669906878096113
WT,parallel,76,1775,514,9.957123731175823,0.5010743373804105
WT,parallel,77,1825,552,11.456339261648196,0.6668688536753671
WT,parallel,78,1875,495,11.833222306646737,0.7641657996062025
WT,parallel,79,1925,458,10.570530009355439,0.6370735280693975
WT,parallel,80,1975,488,12.239397409803955,0.9062653194033505
dKO,antiparallel,1,-1975,91,17.951792175271052,2.615745439397475
dKO,antiparallel,2,-1925,72,17.31098267659806,2.015011087331185
dKO,antiparallel,3,-1875,71,24.540637380559524,3.647620138486529
dKO,antiparallel,4,-1825,57,20.78104565403778,3.088925048988676
dKO,antiparallel,5,-1775,78,20.41188627334711,2.0065621084388363
dKO,antiparallel,6,-1725,76,18.5472387978286,2.1623217524170073
dKO,antiparallel,7,-1675,80,20.977981179544877,3.1284944808594592
dKO,antiparallel,8,-1625,67,20.3517142027393,2.559863909795816
dKO,antiparallel,9,-1575,74,20.31157301523349,2.1722960146441
dKO,antiparallel,10,-1525,82,19.463256570536146,2.397444800978511
dKO,antiparallel,11,-1475,73,20.938410656889108,2.573572838406935
dKO,antiparallel,12,-1425,84,17.40730024000004,1.7894940524918843
dKO,antiparallel,13,-1375,74,17.069193959006395,2.1765373067191534
dKO,antiparallel,14,-1325,74,22.552460354212062,3.6186029957517887
dKO,antiparallel,15,-1275,81,17.62721965909114,1.9474654814248717
dKO,antiparallel,16,-1225,83,19.91811729933742,1.8585832105903732
dKO,antiparallel,17,-1175,93,19.311051245556595,2.163501410539162
dKO,antiparallel,18,-1125,78,17.81753148250233,2.059368189143706
dKO,antiparallel,19,-1075,74,17.78030651924264,1.892693046108566
dKO,antiparallel,20,-1025,87,17.77132218367527,2.3321562179645796
dKO,antiparallel,21,-975,72,20.363240691131487,2.436246267346893
dKO,antiparallel,22,-925,86,17.18021628207166,2.392933091970366
dKO,antiparallel,23,-875,95,18.25268819131932,1.865383895761122
dKO,antiparallel,24,-825,74,15.88925866190586,1.2934958020058465
dKO,antiparallel,25,-775,74,25.87216285255402,3.70251855621366
dKO,antiparallel,26,-725,82,20.305507086282198,3.5017117690019677
dKO,antiparallel,27,-675,94,20.721601545503642,2.2091692127603637
dKO,antiparallel,28,-625,102,21.78775467515957,2.2959455447869996
dKO,antiparallel,29,-575,92,22.907605957998676,2.9574263328940598
dKO,antiparallel,30,-525,88,22.711420304449852,2.501468493487289
dKO,antiparallel,31,-475,111,21.124012974236013,2.0357143310576555
dKO,antiparallel,32,-425,79,29.126883130050825,4.734564849029909
dKO,antiparallel,33,-375,109,22.477863433896932,2.191398089172402
dKO,antiparallel,34,-325,112,21.788471519608148,2.0740136510677467
dKO,antiparallel,35,-275,99,30.077060824273502,3.43436991827238
dKO,antiparallel,36,-225,107,26.638402939313913,2.9052767274758873
dKO,antiparallel,37,-175,121,24.632386843206596,2.583645402810774
dKO,antiparallel,38,-125,123,24.738566638026047,2.4036247419138768
dKO,antiparallel,39,-75,137,25.036765083067976,2.3219994427819604
dKO,antiparallel,40,-25,136,28.6571270281798,3.7214954257993456
dKO,antiparallel,41,25,151,28.201874518308585,2.8527348474253045
dKO,antiparallel,42,75,178,28.624747892934955,2.951058501333644
dKO,antiparallel,43,125,176,30.28701348012836,2.9918709044517113
dKO,antiparallel,44,175,193,24.895419909258578,2.2492156840271766
dKO,antiparallel,45,225,196,23.918467414473124,1.876146840584086
dKO,antiparallel,46,275,193,25.7580378045821,2.896916839213505
dKO,antiparallel,47,325,179,24.182034338247426,1.8183693961844185
dKO,antiparallel,48,375,140,22.875575790637424,1.6546968726328573
dKO,antiparallel,49,425,153,25.548951609089787,2.6991805802553466
dKO,antiparallel,50,475,151,25.711507000086613,3.056292686609452
dKO,antiparallel,51,525,150,24.8438512571231,2.782520723627036
dKO,antiparallel,52,575,115,23.502048107537515,2.3414687600436923
dKO,antiparallel,53,625,120,18.065647986127633,1.5174659637672077
dKO,antiparallel,54,675,127,21.78336619707842,2.3946870946238037
dKO,antiparallel,55,725,113,19.34555103232155,2.100864594003651
dKO,antiparallel,56,775,119,15.34219107250822,1.1228819103846923
dKO,antiparallel,57,825,94,20.017757886612635,1.5571681964834778
dKO,antiparallel,58,875,99,18.080564584291057,1.7637695537394358
dKO,antiparallel,59,925,90,21.215985785506806,2.4314196372166785
dKO,antiparallel,60,975,91,18.267752478591223,1.6487882312606787
dKO,antiparallel,61,1025,99,19.402970800568,1.9142371451332572
dKO,antiparallel,62,1075,83,17.455439161474516,2.02721014988396
dKO,antiparallel,63,1125,90,17.91055520352725,1.5425539259530567
dKO,antiparallel,64,1175,87,21.15463737890561,2.737266365874502
dKO,antiparallel,65,1225,91,17.84903479688027,1.5818461267330284
dKO,antiparallel,66,1275,94,20.498173446580992,3.0743925342416114
dKO,antiparallel,67,1325,88,23.74032962745704,2.7023275407753022
dKO,antiparallel,68,1375,103,17.72529539946559,2.0906573194548552
dKO,antiparallel,69,1425,95,20.273180776910966,2.2177721508254207
dKO,antiparallel,70,1475,96,21.105282626232682,2.2849164423131776
dKO,antiparallel,71,1525,72,24.203927922159878,3.8886911780445126
dKO,antiparallel,72,1575,95,18.666030259911505,1.853147431451003
dKO,antiparallel,73,1625,86,21.066205665529512,3.6299886305397497
dKO,antiparallel,74,1675,79,22.48507618761474,4.482178907798455
dKO,antiparallel,75,1725,96,16.441972262869065,1.4932381285981375
dKO,antiparallel,76,1775,95,18.839534770538226,2.170255781779848
dKO,antiparallel,77,1825,81,20.133490060580133,2.3752940121373483
dKO,antiparallel,78,1875,81,21.21148599323905,2.1915477537627797
dKO,antiparallel,79,1925,85,17.59775241386273,1.673264733397451
dKO,antiparallel,80,1975,95,20.06076225983261,1.849921318581056
dKO,hybrid,1,-1975,53,23.46303149717144,2.9123312270861015
dKO,hybrid,2,-1925,63,25.09486500346534,3.812210294395592
dKO,hybrid,3,-1875,66,19.897316828361856,2.0636227462675563
dKO,hybrid,4,-1825,66,17.09145308457773,1.9890740854801283
dKO,hybrid,5,-1775,60,23.82519932972456,2.7267954461191852
dKO,hybrid,6,-1725,70,22.83858974363758,3.474365554772301
dKO,hybrid,7,-1675,66,19.56734412915144,2.27546925417149
dKO,hybrid,8,-1625,71,18.681255196037032,2.2254687531708113
dKO,hybrid,9,-1575,63,21.889773884451948,3.037312297676869
dKO,hybrid,10,-1525,69,20.264330405968007,2.2963848809592218
dKO,hybrid,11,-1475,67,21.070576020492275,2.975431749338341
dKO,hybrid,12,-1425,69,18.56075946204317,2.4510847472885513
dKO,hybrid,13,-1375,74,23.703962300368328,2.989098340636076
dKO,hybrid,14,-1325,68,18.14680180363208,2.1299324428845625
dKO,hybrid,15,-1275,60,23.634121438562705,4.235322084547207
dKO,hybrid,16,-1225,72,16.66650516011119,1.5159088706704733
dKO,hybrid,17,-1175,76,17.05850641608779,2.0107243898971716
dKO,hybrid,18,-1125,62,16.88208062756038,1.81279954428412
dKO,hybrid,19,-1075,62,24.285310779181987,3.893489926839176
dKO,hybrid,20,-1025,57,20.025711882284703,2.044282844144695
dKO,hybrid,21,-975,76,20.676989906907675,2.1476596235503633
dKO,hybrid,22,-925,78,18.257720226720316,2.390503166993053
dKO,hybrid,23,-875,79,19.25071075927461,2.2023550047723206
dKO,hybrid,24,-825,83,23.47822303696611,4.71111529283271
dKO,hybrid,25,-775,93,23.52526280052807,2.714650513456039
dKO,hybrid,26,-725,63,24.086495148501402,3.4688319261135603
dKO,hybrid,27,-675,74,17.59411988356247,1.5217409094562349
dKO,hybrid,28,-625,83,19.87222108447889,3.200305594916742
dKO,hybrid,29,-575,87,18.111801398409206,1.4308709437880827
dKO,hybrid,30,-525,97,20.005798684350466,1.9094262953244394
dKO,hybrid,31,-475,87,19.697985075235945,2.22841543892589
dKO,hybrid,32,-425,100,21.91198610436264,2.589977052770322
dKO,hybrid,33,-375,97,22.543888887650063,2.457716219969561
dKO,hybrid,34,-325,115,21.90677892077037,2.20120651762909
dKO,hybrid,35,-275,141,23.571727971069766,1.9425894295199513
dKO,hybrid,36,-225,136,29.684812854902418,4.593372202275313
dKO,hybrid,37,-175,134,30.81056752053025,4.100275528061799
dKO,hybrid,38,-125,190,25.13674941395989,2.280285056611452
dKO,hybrid,39,-75,203,28.30928846602609,2.5620506453425764
dKO,hybrid,40,-25,243,33.49628777727499,3.184064917903769
dKO,hybrid,41,25,235,29.787847266187615,2.327001521179414
dKO,hybrid,42,75,240,30.35309239799654,2.4002405593553533
dKO,hybrid,43,125,275,29.472974814748973,2.580663807025949
dKO,hybrid,44,175,246,27.511737926931556,2.4051290721163716
dKO,hybrid,45,225,238,22.911268963348885,1.4749154835148903
dKO,hybrid,46,275,231,23.84642951309013,1.761947436829314
dKO,hybrid,47,325,201,32.85249212508373,3.3193501912404226
dKO,hybrid,48,375,208,22.82105548231121,1.4650262869956454
dKO,hybrid,49,425,203,23.68027843778302,2.293176068030162
dKO,hybrid,50,475,164,25.694893855287077,2.4778651912356167
dKO,hybrid,51,525,168,19.388571019763585,1.3851410303503884
dKO,hybrid,52,575,142,24.9746532042863,2.027913347903915
dKO,hybrid,53,625,141,20.73928131533007,2.4283036906981876
dKO,hybrid,54,675,142,19.436486540989996,1.7695408584598122
dKO,hybrid,55,725,132,20.049126844225448,1.6070762941727381
dKO,hybrid,56,775,134,17.269821663623794,1.6565305085769229
dKO,hybrid,57,825,114,19.139103845632828,2.3082538037148828
dKO,hybrid,58,875,118,18.984395872512227,1.6311630588523347
dKO,hybrid,59,925,128,20.1568860183107,1.5608532894572136
dKO,hybrid,60,975,86,18.782841286803052,1.9958467961935773
dKO,hybrid,61,1025,110,18.065830992315217,1.285308526646712
dKO,hybrid,62,1075,95,21.871449684476605,2.195617424371001
dKO,hybrid,63,1125,81,18.82598212763862,1.515140405595378
dKO,hybrid,64,1175,98,24.368434613080307,4.423397024080915
dKO,hybrid,65,1225,98,19.614714950848608,1.9287242364569397
dKO,hybrid,66,1275,107,18.875756439541714,1.826947332959912
dKO,hybrid,67,1325,98,18.830984733121007,1.722068908870562
dKO,hybrid,68,1375,92,21.857795184694258,3.203661600408143
dKO,hybrid,69,1425,96,17.346720626131894,1.2010200453666584
dKO,hybrid,70,1475,90,25.67396324172476,3.926411052375073
dKO,hybrid,71,1525,89,24.61347045752855,3.492211424766683
dKO,hybrid,72,1575,84,20.258939512684137,2.002292940587527
dKO,hybrid,73,1625,71,27.23328306580955,3.4984324475424664
dKO,hybrid,74,1675,101,20.745212183494576,1.8329874069551229
dKO,hybrid,75,1725,89,20.743749593838555,2.6012907186900605
dKO,hybrid,76,1775,81,25.87635610657784,3.959277611909133
dKO,hybrid,77,1825,86,23.99013363768387,4.537763915545567
dKO,hybrid,78,1875,90,21.235181761161385,3.5764383934377446
dKO,hybrid,79,1925,86,17.22435760034386,1.8054587312040737
dKO,hybrid,80,1975,84,21.884453400441146,3.774409037037462
dKO,parallel,1,-1975,377,20.101232047612847,1.2568817348286456
dKO,parallel,2,-1925,395,19.234371292368127,0.9827293627962992
dKO,parallel,3,-1875,380,18.931249648346643,0.963854822685594
dKO,parallel,4,-1825,423,18.68909233001362,0.8477378817753554
dKO,parallel,5,-1775,398,21.16774673092485,1.4345100117812568
dKO,parallel,6,-1725,443,21.028368963778675,1.1831900020318362
dKO,parallel,7,-1675,409,18.244875669537855,0.8395332829387772
dKO,parallel,8,-1625,455,18.646180245755655,0.9193067099800809
dKO,parallel,9,-1575,412,19.814173769165084,1.1264175409608743
dKO,parallel,10,-1525,460,20.505188792881636,1.1178577196970396
dKO,parallel,11,-1475,414,19.86782077929295,1.0180178213475095
dKO,parallel,12,-1425,433,19.675467610260117,1.1116069554934562
dKO,parallel,13,-1375,450,19.72218680752868,0.9373995223551703
dKO,parallel,14,-1325,419,21.236528588063102,1.0848175242358127
dKO,parallel,15,-1275,442,19.806631331908036,0.9933792352474323
dKO,parallel,16,-1225,433,18.280040315499406,0.7817185180079315
dKO,parallel,17,-1175,406,18.45130332480933,1.0345668073739323
dKO,parallel,18,-1125,432,19.0965527309374,1.0108005279681527
dKO,parallel,19,-1075,455,18.93921831243141,1.2441527188672545
dKO,parallel,20,-1025,487,18.23116810816586,0.9109788066155121
dKO,parallel,21,-975,466,19.085887140441663,1.0720961618409965
dKO,parallel,22,-925,452,18.757245041888474,0.9522075831525898
dKO,parallel,23,-875,536,19.2814744076403,1.1159418778974213
dKO,parallel,24,-825,491,19.424061565767776,0.9529906218314821
dKO,parallel,25,-775,534,19.760229704516288,1.068663301959087
dKO,parallel,26,-725,519,20.27638840868934,1.0857832716027092
dKO,parallel,27,-675,541,20.883918868388637,1.02243730087499
dKO,parallel,28,-625,519,20.012963161764414,1.0327069808582883
dKO,parallel,29,-575,572,19.666347021010267,1.0152659618216342
dKO,parallel,30,-525,624,19.308552676740135,0.7666615942210505
dKO,parallel,31,-475,611,20.140590707759358,0.8593656221093522
dKO,parallel,32,-425,654,19.37734678216927,0.739139700511894
dKO,parallel,33,-375,687,21.795444165306005,0.9649505829394734
dKO,parallel,34,-325,795,22.296367507890935,0.9006024020732463
dKO,parallel,35,-275,799,25.73067890076125,1.22029023226524
dKO,parallel,36,-225,837,27.3429956437983,1.3738697499986252
dKO,parallel,37,-175,943,27.963440590240054,1.5037399185879463
dKO,parallel,38,-125,1086,30.221650108055393,1.4730153757126927
dKO,parallel,39,-75,1295,31.260969505591746,1.2913772297012842
dKO,parallel,40,-25,1520,30.44202693946594,1.0454449148582667
dKO,parallel,41,25,1385,30.753166176469446,1.108256487036089
dKO,parallel,42,75,1428,28.418367362580426,0.9813805906987839
dKO,parallel,43,125,1327,29.038170223764475,1.0263558886620072
dKO,parallel,44,175,1303,26.0538148229359,0.8606648906490021
dKO,parallel,45,225,1383,26.024264219997818,0.8153246241954668
dKO,parallel,46,275,1279,25.578185833845502,0.881838577292116
dKO,parallel,47,325,1201,23.580409502744512,0.7160544422663698
dKO,parallel,48,375,1145,23.562655414827212,0.8055282995213547
dKO,parallel,49,425,1031,22.43218342673908,0.7558509430529086
dKO,parallel,50,475,1040,22.232166865772168,0.7108948323990769
dKO,parallel,51,525,986,21.002981976325103,0.776862620759384
dKO,parallel,52,575,937,20.63895910592878,0.7683238244392612
dKO,parallel,53,625,890,21.274888353837394,0.8237171390413203
dKO,parallel,54,675,823,21.37884504436814,0.9452293897426041
dKO,parallel,55,725,766,19.85701923067854,0.8143472285950837
dKO,parallel,56,775,737,20.310785051161584,1.0252213038121167
dKO,parallel,57,825,743,18.68896526337519,0.6628628649699255
dKO,parallel,58,875,681,19.445315822968634,1.0670159099229373
dKO,parallel,59,925,661,18.74929718065355,0.8541181475442474
dKO,parallel,60,975,623,19.968038546087342,0.8067876263561763
dKO,parallel,61,1025,620,19.509124252807396,0.9253469748838119
dKO,parallel,62,1075,631,19.956590668662916,1.0699131862663647
dKO,parallel,63,1125,609,19.961040155861706,0.8764981414685429
dKO,parallel,64,1175,631,18.65481860591365,0.9248029490049612
dKO,parallel,65,1225,597,20.72289774334965,1.166928514589525
dKO,parallel,66,1275,564,21.622402713267967,1.2416062332266018
dKO,parallel,67,1325,562,21.254325212520275,1.0169823339954973
dKO,parallel,68,1375,589,22.152310038591516,1.2330037952519632
dKO,parallel,69,1425,574,22.840522951065708,1.2253166330340837
dKO,parallel,70,1475,528,18.790593791916113,0.8237375988251465
dKO,parallel,71,1525,560,19.984298569808793,1.0675270824465972
dKO,parallel,72,1575,483,20.313196036308018,1.275413983599968
dKO,parallel,73,1625,557,19.551277215423074,1.043698223195676
dKO,parallel,74,1675,499,18.894530229994107,0.8804415300163445
dKO,parallel,75,1725,503,20.642477414511465,1.1498573906311422
dKO,parallel,76,1775,514,18.431611623587408,0.8689125083743714
dKO,parallel,77,1825,552,20.086074276505823,1.003347543661292
dKO,parallel,78,1875,495,21.193922610321,1.2288531427176523
dKO,parallel,79,1925,458,18.81916316075127,0.9752993236062006
dKO,parallel,80,1975,488,21.634597720918656,1.342849150390505
