assay	assay_label	region	comparison	wilcox_p	median_ctrl	median_ko	n_ctrl	n_ko
G4_BG4	BG4 (G4)	Promoter	DHX36KO_vs_WT	7.492280893377194e-108	1.4820451095600924	2.228685039192438	5000	5000
G4_BG4	BG4 (G4)	Enhancer (dELS)	DHX36KO_vs_WT	1.0187908670341484e-70	1.2595750045276208	1.9069254411473477	5000	5000
G4_BG4	BG4 (G4)	5'UTR	DHX36KO_vs_WT	5.129130903774555e-57	1.2424000104268391	1.9591073104512622	5000	5000
G4_BG4	BG4 (G4)	1st intron	DHX36KO_vs_WT	5.25261343026889e-124	1.5542834982905842	2.449728855162566	5000	5000
G4_BG4	BG4 (G4)	Gene body	DHX36KO_vs_WT	3.102743933007186e-147	1.7965261771798082	2.742108858761675	5000	5000
Rloop_S96	S9.6 (R-loop)	Promoter	DHX36KO_vs_WT	9.308863813068627e-19	0.5717288978695869	0.7443463779687882	5000	5000
Rloop_S96	S9.6 (R-loop)	Enhancer (dELS)	DHX36KO_vs_WT	0.054871440075600714	0	0	5000	5000
Rloop_S96	S9.6 (R-loop)	5'UTR	DHX36KO_vs_WT	0.6512732936214827	0	0	5000	5000
Rloop_S96	S9.6 (R-loop)	1st intron	DHX36KO_vs_WT	2.766620496728259e-11	0.4561066550267112	0.6259454125674345	5000	5000
Rloop_S96	S9.6 (R-loop)	Gene body	DHX36KO_vs_WT	3.027208819502602e-22	0.6483411518849063	0.8084769466518995	5000	5000
G4_BG4	BG4 (G4)	Promoter	FANCJKO_vs_WT	2.699402754048312e-29	1.4820451095600924	1.779558635080854	5000	5000
G4_BG4	BG4 (G4)	Enhancer (dELS)	FANCJKO_vs_WT	2.2801314706006934e-16	1.2595750045276208	1.530995830053838	5000	5000
G4_BG4	BG4 (G4)	5'UTR	FANCJKO_vs_WT	2.16983428899985e-13	1.2424000104268391	1.5217667420705159	5000	5000
G4_BG4	BG4 (G4)	1st intron	FANCJKO_vs_WT	1.4321132509267343e-27	1.5542834982905842	1.8917340621813055	5000	5000
G4_BG4	BG4 (G4)	Gene body	FANCJKO_vs_WT	5.375521302445291e-34	1.7965261771798082	2.1495927787274773	5000	5000
Rloop_S96	S9.6 (R-loop)	Promoter	FANCJKO_vs_WT	0.014388605831505185	0.5717288978695869	0.6014108507633209	5000	5000
Rloop_S96	S9.6 (R-loop)	Enhancer (dELS)	FANCJKO_vs_WT	0.046755503183662984	0	0	5000	5000
Rloop_S96	S9.6 (R-loop)	5'UTR	FANCJKO_vs_WT	0.5525954892280004	0	0	5000	5000
Rloop_S96	S9.6 (R-loop)	1st intron	FANCJKO_vs_WT	0.024150545530399577	0.4561066550267112	0.48768501878623727	5000	5000
Rloop_S96	S9.6 (R-loop)	Gene body	FANCJKO_vs_WT	0.370553634007066	0.6483411518849063	0.6440224555725302	5000	5000
G4_BG4	BG4 (G4)	Promoter	dKO_vs_WT	6.465163143779087e-104	1.4820451095600924	2.2588726978550353	5000	5000
G4_BG4	BG4 (G4)	Enhancer (dELS)	dKO_vs_WT	2.852741358380414e-68	1.2595750045276208	1.895053725253957	5000	5000
G4_BG4	BG4 (G4)	5'UTR	dKO_vs_WT	1.0645515525079713e-58	1.2424000104268391	1.9042346870744382	5000	5000
G4_BG4	BG4 (G4)	1st intron	dKO_vs_WT	3.695097712892257e-122	1.5542834982905842	2.490819137281866	5000	5000
G4_BG4	BG4 (G4)	Gene body	dKO_vs_WT	1.6573805906800265e-146	1.7965261771798082	2.78685382738728	5000	5000
Rloop_S96	S9.6 (R-loop)	Promoter	dKO_vs_WT	1.5085710053342543e-75	0.5717288978695869	0.9631281534433365	5000	5000
Rloop_S96	S9.6 (R-loop)	Enhancer (dELS)	dKO_vs_WT	5.2645937702144313e-17	0	0	5000	5000
Rloop_S96	S9.6 (R-loop)	5'UTR	dKO_vs_WT	4.90218960992895e-13	0	0	5000	5000
Rloop_S96	S9.6 (R-loop)	1st intron	dKO_vs_WT	2.656914970738571e-57	0.4561066550267112	0.8379138170555599	5000	5000
Rloop_S96	S9.6 (R-loop)	Gene body	dKO_vs_WT	1.9738219891232175e-109	0.6483411518849063	1.073158590681655	5000	5000
G4_BG4	BG4 (G4)	Promoter	ERCCKO_vs_ERCCWT	3.572325083368218e-8	1.1331808623317627	1.2303979047946632	5000	5000
G4_BG4	BG4 (G4)	Enhancer (dELS)	ERCCKO_vs_ERCCWT	2.3079811214505513e-5	0.9526076323414323	1.02340884297489	5000	5000
G4_BG4	BG4 (G4)	5'UTR	ERCCKO_vs_ERCCWT	5.402576546481096e-8	0.8875323114070026	1.0054049491882324	5000	5000
G4_BG4	BG4 (G4)	1st intron	ERCCKO_vs_ERCCWT	4.763002024901487e-12	1.1172217866544503	1.2337544735580672	5000	5000
G4_BG4	BG4 (G4)	Gene body	ERCCKO_vs_ERCCWT	1.9226858913716764e-12	1.2324412999519103	1.3562317043304302	5000	5000
Rloop_S96	S9.6 (R-loop)	Promoter	ERCCKO_vs_ERCCWT	4.65816369459536e-283	0.874206945836544	1.9419442986026407	5000	5000
Rloop_S96	S9.6 (R-loop)	Enhancer (dELS)	ERCCKO_vs_ERCCWT	2.542933100446739e-112	0.5887596605088348	1.4528881026638878	5000	5000
Rloop_S96	S9.6 (R-loop)	5'UTR	ERCCKO_vs_ERCCWT	4.2673823064666915e-84	0.5063825335097569	1.556424813781231	5000	5000
Rloop_S96	S9.6 (R-loop)	1st intron	ERCCKO_vs_ERCCWT	2.0777916548514495e-246	0.883710164162165	1.9437279449838345	5000	5000
Rloop_S96	S9.6 (R-loop)	Gene body	ERCCKO_vs_ERCCWT	0	1.0895984037286452	2.228140946451918	5000	5000
