assay	genotype	region	obs	exp_mean	fold	p_perm	assay_label	region_label
G4_BG4	WT	promoter	7933	3988.8549943083403	1.98879127251292	0	BG4 (G4)	Promoter
G4_BG4	WT	enhancer	13145	2365.65388862249	5.556603213690857	0	BG4 (G4)	Enhancer (dELS)
G4_BG4	WT	5UTR	3410	286.45976071580907	11.90394068430083	0	BG4 (G4)	5'UTR
G4_BG4	WT	intron1	19663	13114.761406016432	1.4993029145752927	0	BG4 (G4)	1st intron
G4_BG4	WT	genebody	60421	51156.39454613257	1.1811035655672069	0	BG4 (G4)	Gene body
G4_BG4	DHX36KO	promoter	8417	4038.159794286461	2.084365262590426	0	BG4 (G4)	Promoter
G4_BG4	DHX36KO	enhancer	13830	2394.894884337407	5.774783724516716	0	BG4 (G4)	Enhancer (dELS)
G4_BG4	DHX36KO	5UTR	3702	290.00058664806943	12.765491417755532	0	BG4 (G4)	5'UTR
G4_BG4	DHX36KO	intron1	20245	13276.868248407814	1.524832484680852	0	BG4 (G4)	1st intron
G4_BG4	DHX36KO	genebody	61615	51788.720314880215	1.18973783529261	0	BG4 (G4)	Gene body
G4_BG4	FANCJKO	promoter	7552	3937.876954511958	1.9177846558529554	0	BG4 (G4)	Promoter
G4_BG4	FANCJKO	enhancer	12252	2335.4205514240352	5.246164333241513	0	BG4 (G4)	Enhancer (dELS)
G4_BG4	FANCJKO	5UTR	3224	282.79877100756704	11.400332429003848	0	BG4 (G4)	5'UTR
G4_BG4	FANCJKO	intron1	18778	12947.15320019548	1.4503574422612442	0	BG4 (G4)	1st intron
G4_BG4	FANCJKO	genebody	58450	50502.60975808354	1.1573659317802756	0	BG4 (G4)	Gene body
G4_BG4	dKO	promoter	8981	4245.529982429733	2.1154013838479924	0	BG4 (G4)	Promoter
G4_BG4	dKO	enhancer	14908	2517.879072197204	5.9208562335722785	0	BG4 (G4)	Enhancer (dELS)
G4_BG4	dKO	5UTR	3998	304.89288395139977	13.112801939442067	0	BG4 (G4)	5'UTR
G4_BG4	dKO	intron1	21469	13958.67055611274	1.5380404540458446	0	BG4 (G4)	1st intron
G4_BG4	dKO	genebody	65458	54448.208106965874	1.202206689178915	0	BG4 (G4)	Gene body
G4_BG4	ERCCWT	promoter	5154	4055.4499390751685	1.270882411921808	2.7526051611488007e-64	BG4 (G4)	Promoter
G4_BG4	ERCCWT	enhancer	7270	2405.1490796672983	3.0226816547295483	0	BG4 (G4)	Enhancer (dELS)
G4_BG4	ERCCWT	5UTR	2032	291.24227899988017	6.977008993947737	0	BG4 (G4)	5'UTR
G4_BG4	ERCCWT	intron1	14159	13333.71567051339	1.0618945498674215	2.0273949263725358e-14	BG4 (G4)	1st intron
G4_BG4	ERCCWT	genebody	48721	52010.463514327916	0.9367538127511259	1	BG4 (G4)	Gene body
G4_BG4	ERCCKO	promoter	6182	4275.313651194797	1.445975781980897	9.704101570739158e-172	BG4 (G4)	Promoter
G4_BG4	ERCCKO	enhancer	9308	2535.5427506041788	3.67100889850193	0	BG4 (G4)	Enhancer (dELS)
G4_BG4	ERCCKO	5UTR	2510	307.0317991638738	8.175048991131774	0	BG4 (G4)	5'UTR
G4_BG4	ERCCKO	intron1	16859	14056.594825159116	1.1993658641867528	1.6233579839188151e-133	BG4 (G4)	1st intron
G4_BG4	ERCCKO	genebody	53576	54830.17865053062	0.9771261250391989	0.9999999999999374	BG4 (G4)	Gene body
Rloop_S96	WT	promoter	5947	6025.522501096858	0.9869683498679883	0.850282627762597	S9.6 (R-loop)	Promoter
Rloop_S96	WT	enhancer	8763	3573.531942384825	2.4521957943244077	0	S9.6 (R-loop)	Enhancer (dELS)
Rloop_S96	WT	5UTR	2055	432.72310884071794	4.74899527669189	0	S9.6 (R-loop)	5'UTR
Rloop_S96	WT	intron1	19416	19811.020972491173	0.980060544429301	0.9986811738927822	S9.6 (R-loop)	1st intron
Rloop_S96	WT	genebody	68220	77276.31283978507	0.8828060953353031	1	S9.6 (R-loop)	Gene body
Rloop_S96	DHX36KO	promoter	6321	5789.52132050777	1.0918001074820494	1.1643711355079765e-12	S9.6 (R-loop)	Promoter
Rloop_S96	DHX36KO	enhancer	9343	3433.567689140046	2.7210763980424106	0	S9.6 (R-loop)	Enhancer (dELS)
Rloop_S96	DHX36KO	5UTR	2145	415.7746758150343	5.159044368912565	0	S9.6 (R-loop)	5'UTR
Rloop_S96	DHX36KO	intron1	19145	19035.08422388024	1.0057743782389923	0.19856481975145313	S9.6 (R-loop)	1st intron
Rloop_S96	DHX36KO	genebody	67322	74249.63738409783	0.9066980307491503	1	S9.6 (R-loop)	Gene body
Rloop_S96	FANCJKO	promoter	6007	6033.5540522245155	0.9955989368795453	0.6380251992827002	S9.6 (R-loop)	Promoter
Rloop_S96	FANCJKO	enhancer	8803	3578.295181505807	2.4601100673577045	0	S9.6 (R-loop)	Enhancer (dELS)
Rloop_S96	FANCJKO	5UTR	2111	433.29989496543004	4.871914405076009	0	S9.6 (R-loop)	5'UTR
Rloop_S96	FANCJKO	intron1	19318	19837.427516953117	0.9738157824894779	0.9999616045849196	S9.6 (R-loop)	1st intron
Rloop_S96	FANCJKO	genebody	68108	77379.31613243175	0.8801835348794729	1	S9.6 (R-loop)	Gene body
Rloop_S96	dKO	promoter	6464	5802.014844484126	1.1140957362674127	1.689482295743321e-18	S9.6 (R-loop)	Promoter
Rloop_S96	dKO	enhancer	10029	3440.9771722171286	2.9145790564887717	0	S9.6 (R-loop)	Enhancer (dELS)
Rloop_S96	dKO	5UTR	2291	416.67189867569755	5.4983309584386495	0	S9.6 (R-loop)	5'UTR
Rloop_S96	dKO	intron1	19758	19076.161070821043	1.0357429844845407	8.036614258516033e-8	S9.6 (R-loop)	1st intron
Rloop_S96	dKO	genebody	69186	74409.86472821489	0.9297960727748227	1	S9.6 (R-loop)	Gene body
Rloop_S96	ERCCWT	promoter	6184	4525.258496936068	1.3665517680784471	6.583324647806841e-126	S9.6 (R-loop)	Promoter
Rloop_S96	ERCCWT	enhancer	9938	2683.776516211774	3.7029908936038263	0	S9.6 (R-loop)	Enhancer (dELS)
Rloop_S96	ERCCWT	5UTR	2544	324.98159698940486	7.8281355731135145	0	S9.6 (R-loop)	5'UTR
Rloop_S96	ERCCWT	intron1	16816	14878.37626901648	1.1302308596011603	1.4543101343294437e-62	S9.6 (R-loop)	1st intron
Rloop_S96	ERCCWT	genebody	56835	58035.67926706278	0.979311360145582	0.9999999999973259	S9.6 (R-loop)	Gene body
Rloop_S96	ERCCKO	promoter	5198	3975.134427798592	1.3076287341755697	6.237272071680299e-80	S9.6 (R-loop)	Promoter
Rloop_S96	ERCCKO	enhancer	8079	2357.516688457479	3.4269110541423493	0	S9.6 (R-loop)	Enhancer (dELS)
Rloop_S96	ERCCKO	5UTR	2120	285.4744177527592	7.42623460514794	0	S9.6 (R-loop)	5'UTR
Rloop_S96	ERCCKO	intron1	14247	13069.650225893944	1.0900827301233709	9.732809624658263e-28	S9.6 (R-loop)	1st intron
Rloop_S96	ERCCKO	genebody	49439	50980.43058786117	0.9697642689540524	1	S9.6 (R-loop)	Gene body
