bin,position,mean,sem,genotype,group
1,-2000,4.161240438084655,0.10136888847802034,WT,parallel
2,-1949.367088607595,4.1741935788198505,0.09995010905734285,WT,parallel
3,-1898.73417721519,4.1694330956031385,0.09790023960202797,WT,parallel
4,-1848.1012658227849,4.17424663021494,0.09942409522458519,WT,parallel
5,-1797.4683544303798,4.191958241210138,0.10281708236595997,WT,parallel
6,-1746.8354430379748,4.207052932558574,0.10587024576165383,WT,parallel
7,-1696.2025316455697,4.231102694270036,0.10729032284890241,WT,parallel
8,-1645.5696202531644,4.248563933837713,0.10597111537300156,WT,parallel
9,-1594.9367088607596,4.273375640042343,0.10478702734878126,WT,parallel
10,-1544.3037974683543,4.275956300143597,0.10217682950963262,WT,parallel
11,-1493.6708860759495,4.278258472131623,0.10325616647459374,WT,parallel
12,-1443.0379746835442,4.282479962616035,0.10473903013202249,WT,parallel
13,-1392.4050632911392,4.311491585898093,0.10668045315392884,WT,parallel
14,-1341.7721518987341,4.352375390961917,0.1130477452793223,WT,parallel
15,-1291.139240506329,4.407294268540512,0.11968094285617019,WT,parallel
16,-1240.506329113924,4.449612564173328,0.12278658179120396,WT,parallel
17,-1189.873417721519,4.467016130389922,0.12397059227139344,WT,parallel
18,-1139.240506329114,4.461944949259636,0.1221551549710823,WT,parallel
19,-1088.607594936709,4.501287308922473,0.12324761146198177,WT,parallel
20,-1037.9746835443038,4.545992410673242,0.12330967371502055,WT,parallel
21,-987.3417721518988,4.581951009464221,0.12361834608606728,WT,parallel
22,-936.7088607594937,4.576971706458285,0.12136078802263324,WT,parallel
23,-886.0759493670887,4.5459893686200505,0.11717107302766626,WT,parallel
24,-835.4430379746836,4.5162190006484675,0.1116096631405777,WT,parallel
25,-784.8101265822784,4.53384519931668,0.10909844664908745,WT,parallel
26,-734.1772151898733,4.588017382821174,0.11083306452525313,WT,parallel
27,-683.5443037974683,4.653963296708606,0.11225273276923564,WT,parallel
28,-632.9113924050632,4.73379298199458,0.11197284373401836,WT,parallel
29,-582.2784810126582,4.813148715368218,0.11336953855246606,WT,parallel
30,-531.6455696202531,4.918568152783014,0.11832623046065457,WT,parallel
31,-481.0126582278481,5.014287464916881,0.12433221549396002,WT,parallel
32,-430.37974683544303,5.158987501402252,0.1341647132022307,WT,parallel
33,-379.746835443038,5.314490367993898,0.1412986789794235,WT,parallel
34,-329.11392405063293,5.517612342111953,0.15010423391292857,WT,parallel
35,-278.4810126582279,5.76045626150569,0.16240910039764825,WT,parallel
36,-227.84810126582283,6.023428069901881,0.1766499459896198,WT,parallel
37,-177.21518987341778,6.284598627692876,0.1930986717287633,WT,parallel
38,-126.58227848101274,6.5531398673123205,0.20686430895352437,WT,parallel
39,-75.94936708860769,6.743056824689308,0.2118792686744835,WT,parallel
40,-25.316455696202638,6.742125459847938,0.2066194169817324,WT,parallel
41,25.31645569620241,6.6339113274559,0.19441916032631462,WT,parallel
42,75.94936708860769,6.4560506898097225,0.17981658883519944,WT,parallel
43,126.58227848101251,6.2751524453822825,0.16653487403356554,WT,parallel
44,177.21518987341778,6.125486764521288,0.1588410490813121,WT,parallel
45,227.8481012658226,5.929546011496871,0.15110699887892157,WT,parallel
46,278.4810126582279,5.699867599810039,0.14271353200629694,WT,parallel
47,329.1139240506327,5.52473732515351,0.13735451117961534,WT,parallel
48,379.746835443038,5.351602920927385,0.13166071484833144,WT,parallel
49,430.37974683544326,5.188965945293768,0.12417533024447258,WT,parallel
50,481.0126582278481,5.025964867715507,0.11845732332740842,WT,parallel
51,531.6455696202534,4.919580480303622,0.11716332760356035,WT,parallel
52,582.2784810126582,4.863107034183361,0.11743063858559338,WT,parallel
53,632.9113924050635,4.801515812526571,0.11798646812425458,WT,parallel
54,683.5443037974683,4.7227325779281655,0.11658834444528252,WT,parallel
55,734.1772151898736,4.674281845177035,0.1142389207206695,WT,parallel
56,784.8101265822784,4.642673482735629,0.11139028048315136,WT,parallel
57,835.4430379746836,4.603004757634836,0.111463234270256,WT,parallel
58,886.0759493670885,4.549134378303445,0.11416601288053742,WT,parallel
59,936.7088607594937,4.527894023482026,0.11762671915722697,WT,parallel
60,987.3417721518986,4.5119065183553655,0.11877020986365706,WT,parallel
61,1037.9746835443038,4.503595084958947,0.12169675513431541,WT,parallel
62,1088.6075949367087,4.452056176733147,0.12114556353509116,WT,parallel
63,1139.240506329114,4.4074411717029385,0.12107184752518556,WT,parallel
64,1189.8734177215188,4.400501270421819,0.12173147984856021,WT,parallel
65,1240.506329113924,4.388917490868987,0.12114635056387628,WT,parallel
66,1291.1392405063293,4.354980128123943,0.11708382042657274,WT,parallel
67,1341.7721518987341,4.313986772226228,0.11264035324953249,WT,parallel
68,1392.4050632911394,4.310278682844226,0.10810414154348573,WT,parallel
69,1443.0379746835442,4.297086911772799,0.10654810063304138,WT,parallel
70,1493.6708860759495,4.259506868181635,0.10689603364433128,WT,parallel
71,1544.3037974683543,4.253081402455568,0.10883648696207388,WT,parallel
72,1594.9367088607596,4.220783847902677,0.10911821177403208,WT,parallel
73,1645.5696202531644,4.178201404490284,0.10743136117021186,WT,parallel
74,1696.2025316455697,4.154751444140021,0.10403108188988382,WT,parallel
75,1746.8354430379745,4.147528223877754,0.09984736255226413,WT,parallel
76,1797.4683544303798,4.13596706844759,0.09845181629349328,WT,parallel
77,1848.1012658227846,4.150730838181068,0.10021175392119461,WT,parallel
78,1898.73417721519,4.184160117913304,0.10638934460664018,WT,parallel
79,1949.3670886075947,4.241122549315711,0.1126714999519114,WT,parallel
80,2000,4.232624952259894,0.11478642512615081,WT,parallel
1,-2000,5.031558035155434,0.5720551546041517,WT,antiparallel
2,-1949.367088607595,4.974091027767504,0.5670388696308514,WT,antiparallel
3,-1898.73417721519,4.886551304935816,0.5192731578626748,WT,antiparallel
4,-1848.1012658227849,4.713694439565365,0.43649135284148405,WT,antiparallel
5,-1797.4683544303798,4.4935609320906265,0.368631589541925,WT,antiparallel
6,-1746.8354430379748,4.353451990033856,0.3182775216132484,WT,antiparallel
7,-1696.2025316455697,4.246937643930093,0.2989596599215114,WT,antiparallel
8,-1645.5696202531644,4.1933318128917945,0.29541440990180057,WT,antiparallel
9,-1594.9367088607596,4.160057950644944,0.29900355173742704,WT,antiparallel
10,-1544.3037974683543,4.040853283871465,0.28985810298994086,WT,antiparallel
11,-1493.6708860759495,3.9620258971019764,0.2693429004370363,WT,antiparallel
12,-1443.0379746835442,3.8438765232456262,0.23605396521126806,WT,antiparallel
13,-1392.4050632911392,3.7223225528885475,0.21343745839460565,WT,antiparallel
14,-1341.7721518987341,3.672495575202638,0.21501823719401694,WT,antiparallel
15,-1291.139240506329,3.680105074959608,0.2260053928915371,WT,antiparallel
16,-1240.506329113924,3.675511709871577,0.23758444012374488,WT,antiparallel
17,-1189.873417721519,3.756782284755612,0.25077037341933706,WT,antiparallel
18,-1139.240506329114,3.7454600073828628,0.25121654630743107,WT,antiparallel
19,-1088.607594936709,3.703693027269781,0.24185571090654223,WT,antiparallel
20,-1037.9746835443038,3.711612441223059,0.23561288966989583,WT,antiparallel
21,-987.3417721518988,3.737153698592637,0.2357075439924764,WT,antiparallel
22,-936.7088607594937,3.7579681897104082,0.23590110341879275,WT,antiparallel
23,-886.0759493670887,3.8164369942714917,0.23715263851807492,WT,antiparallel
24,-835.4430379746836,3.8409883229376667,0.23846754243603263,WT,antiparallel
25,-784.8101265822784,3.787701854092565,0.2273558768679881,WT,antiparallel
26,-734.1772151898733,3.788423186789698,0.22272612583920487,WT,antiparallel
27,-683.5443037974683,3.687850997255809,0.21650669118546317,WT,antiparallel
28,-632.9113924050632,3.684499596646769,0.22210003747080242,WT,antiparallel
29,-582.2784810126582,3.6111685702444904,0.22082728629298556,WT,antiparallel
30,-531.6455696202531,3.624026529232661,0.2349650443104168,WT,antiparallel
31,-481.0126582278481,3.6410694802780057,0.23824617609002433,WT,antiparallel
32,-430.37974683544303,3.6788858589224556,0.2497978614061164,WT,antiparallel
33,-379.746835443038,3.703328688840961,0.2823768685239874,WT,antiparallel
34,-329.11392405063293,3.8103411548861224,0.3275973443242275,WT,antiparallel
35,-278.4810126582279,4.081705427517345,0.38390585009520195,WT,antiparallel
36,-227.84810126582283,4.337319957841095,0.4324228291817424,WT,antiparallel
37,-177.21518987341778,4.661209476893221,0.46165895503571386,WT,antiparallel
38,-126.58227848101274,4.912981616813745,0.4897926696022132,WT,antiparallel
39,-75.94936708860769,5.12866689643931,0.5178392800428381,WT,antiparallel
40,-25.316455696202638,5.301008855812586,0.5373373666013607,WT,antiparallel
41,25.31645569620241,5.329765642596715,0.5353615349944131,WT,antiparallel
42,75.94936708860769,5.3340393048673125,0.5393319454043197,WT,antiparallel
43,126.58227848101251,5.186545929548159,0.5128618357926236,WT,antiparallel
44,177.21518987341778,4.9949809409480785,0.46470196159805,WT,antiparallel
45,227.8481012658226,4.755126860756186,0.39427294392515266,WT,antiparallel
46,278.4810126582279,4.4713970096241775,0.33326977536374836,WT,antiparallel
47,329.1139240506327,4.30083313081988,0.3081836858336707,WT,antiparallel
48,379.746835443038,4.30470885288656,0.3000573815008033,WT,antiparallel
49,430.37974683544326,4.346722664595837,0.3067517126993457,WT,antiparallel
50,481.0126582278481,4.3086125128031965,0.30371890279229863,WT,antiparallel
51,531.6455696202534,4.211970588120655,0.2895098510480537,WT,antiparallel
52,582.2784810126582,4.16283240049514,0.2880125192712234,WT,antiparallel
53,632.9113924050635,4.087688594540554,0.28773323259285954,WT,antiparallel
54,683.5443037974683,3.9535686880391627,0.2772043064952292,WT,antiparallel
55,734.1772151898736,3.91070915614669,0.27091197528583116,WT,antiparallel
56,784.8101265822784,3.9954168313071503,0.2903447972530084,WT,antiparallel
57,835.4430379746836,4.112449596076463,0.31644713260042945,WT,antiparallel
58,886.0759493670885,4.212083114437796,0.35017885676276955,WT,antiparallel
59,936.7088607594937,4.288657476284017,0.3527607614973123,WT,antiparallel
60,987.3417721518986,4.320917646040371,0.343589701988993,WT,antiparallel
61,1037.9746835443038,4.274664128958289,0.3131564624055179,WT,antiparallel
62,1088.6075949367087,4.273102654033632,0.2986365175200599,WT,antiparallel
63,1139.240506329114,4.234874459134999,0.28264546931587786,WT,antiparallel
64,1189.8734177215188,4.246305519703016,0.26761522843667135,WT,antiparallel
65,1240.506329113924,4.250122324493987,0.2590891451480108,WT,antiparallel
66,1291.1392405063293,4.323821249123236,0.26432458547082116,WT,antiparallel
67,1341.7721518987341,4.402467713819807,0.2749791742098516,WT,antiparallel
68,1392.4050632911394,4.3288609409735574,0.28716953004388535,WT,antiparallel
69,1443.0379746835442,4.319833318557312,0.3165048498309208,WT,antiparallel
70,1493.6708860759495,4.351988989484844,0.3481724296238999,WT,antiparallel
71,1544.3037974683543,4.431036275431884,0.4104618792597894,WT,antiparallel
72,1594.9367088607596,4.506037417704786,0.47323551927113094,WT,antiparallel
73,1645.5696202531644,4.464421333114899,0.4888219028311394,WT,antiparallel
74,1696.2025316455697,4.358227668834563,0.46299678264722377,WT,antiparallel
75,1746.8354430379745,4.295260639634298,0.4359971179424245,WT,antiparallel
76,1797.4683544303798,4.3167455066839855,0.4604965940404718,WT,antiparallel
77,1848.1012658227846,4.2487631239120045,0.4497233889737237,WT,antiparallel
78,1898.73417721519,4.166768642991337,0.4149420258097446,WT,antiparallel
79,1949.3670886075947,4.045493872805022,0.36546221025705783,WT,antiparallel
80,2000,3.9857828872761325,0.35422745281742735,WT,antiparallel
1,-2000,4.410949514743345,0.33410168738693463,WT,hybrid
2,-1949.367088607595,4.451887972292767,0.34843778724646324,WT,hybrid
3,-1898.73417721519,4.552114446126762,0.35853031109288835,WT,hybrid
4,-1848.1012658227849,4.640044653482086,0.36560365539174244,WT,hybrid
5,-1797.4683544303798,4.611516254273101,0.35233474787346114,WT,hybrid
6,-1746.8354430379748,4.562624302933623,0.3356564382088713,WT,hybrid
7,-1696.2025316455697,4.511411098503502,0.31881024958600385,WT,hybrid
8,-1645.5696202531644,4.432676016812412,0.2986708540119347,WT,hybrid
9,-1594.9367088607596,4.309914864466268,0.2795905966108519,WT,hybrid
10,-1544.3037974683543,4.195580252325081,0.2531750145020624,WT,hybrid
11,-1493.6708860759495,4.0552636670559314,0.22797582448588616,WT,hybrid
12,-1443.0379746835442,3.930878447375993,0.211455304353161,WT,hybrid
13,-1392.4050632911392,3.865060610745474,0.20881942740335926,WT,hybrid
14,-1341.7721518987341,3.831754767144287,0.21168075193593422,WT,hybrid
15,-1291.139240506329,3.7803199248522406,0.21459675338992593,WT,hybrid
16,-1240.506329113924,3.7395777069383414,0.21394346521464813,WT,hybrid
17,-1189.873417721519,3.6858529363324024,0.20070738662182244,WT,hybrid
18,-1139.240506329114,3.6624445992931345,0.19620897666542877,WT,hybrid
19,-1088.607594936709,3.669483985288945,0.18919869962934008,WT,hybrid
20,-1037.9746835443038,3.670868689760401,0.1770767985052231,WT,hybrid
21,-987.3417721518988,3.705203951077034,0.18489692610047437,WT,hybrid
22,-936.7088607594937,3.793531184262878,0.19263377538530066,WT,hybrid
23,-886.0759493670887,3.8568688635292006,0.19565935744378393,WT,hybrid
24,-835.4430379746836,3.948837725817711,0.1995470395212291,WT,hybrid
25,-784.8101265822784,4.093520872944235,0.20970738428589034,WT,hybrid
26,-734.1772151898733,4.2831671193010905,0.22769968053800826,WT,hybrid
27,-683.5443037974683,4.446489951715529,0.24434934827409918,WT,hybrid
28,-632.9113924050632,4.635026669091684,0.26719706582268316,WT,hybrid
29,-582.2784810126582,4.8060971532406365,0.2880595669444968,WT,hybrid
30,-531.6455696202531,5.062407235575137,0.31566817865116403,WT,hybrid
31,-481.0126582278481,5.349926559634464,0.36352016762140477,WT,hybrid
32,-430.37974683544303,5.637708394838757,0.42705263835187557,WT,hybrid
33,-379.746835443038,5.972611442014249,0.49579841989593676,WT,hybrid
34,-329.11392405063293,6.376859955485619,0.5544687162345797,WT,hybrid
35,-278.4810126582279,6.832214541882232,0.6237389245785742,WT,hybrid
36,-227.84810126582283,7.163272071627308,0.663173908877464,WT,hybrid
37,-177.21518987341778,7.406214005767175,0.6727526869252592,WT,hybrid
38,-126.58227848101274,7.585492846326009,0.6506456319362203,WT,hybrid
39,-75.94936708860769,7.734670257541226,0.623552949447581,WT,hybrid
40,-25.316455696202638,7.800047719518593,0.5959601961543501,WT,hybrid
41,25.31645569620241,7.712944396084817,0.565154157676328,WT,hybrid
42,75.94936708860769,7.461938252965288,0.5367048171721894,WT,hybrid
43,126.58227848101251,7.239787902208673,0.5137724606350201,WT,hybrid
44,177.21518987341778,6.904584358351142,0.47536652230612014,WT,hybrid
45,227.8481012658226,6.5643264022856,0.43449448697596155,WT,hybrid
46,278.4810126582279,6.162619746646755,0.3933529470613733,WT,hybrid
47,329.1139240506327,5.868479597861983,0.3708967408420061,WT,hybrid
48,379.746835443038,5.644474374094778,0.34901661349413543,WT,hybrid
49,430.37974683544326,5.554331626117355,0.33673011289159965,WT,hybrid
50,481.0126582278481,5.488421119526854,0.3412374652677499,WT,hybrid
51,531.6455696202534,5.432112541435792,0.3613698477421752,WT,hybrid
52,582.2784810126582,5.401724816254064,0.3800037828932381,WT,hybrid
53,632.9113924050635,5.3554958772730705,0.4091265130281875,WT,hybrid
54,683.5443037974683,5.344381616336923,0.4514495897452672,WT,hybrid
55,734.1772151898736,5.271502852144267,0.49080006275936233,WT,hybrid
56,784.8101265822784,5.208708026634072,0.5155404051385428,WT,hybrid
57,835.4430379746836,5.157641357128832,0.5134945033137427,WT,hybrid
58,886.0759493670885,5.133185472552667,0.4947449072605962,WT,hybrid
59,936.7088607594937,5.130360576311747,0.46389981546704157,WT,hybrid
60,987.3417721518986,5.130215915253363,0.42351167589809813,WT,hybrid
61,1037.9746835443038,5.185534262657166,0.42324157958966274,WT,hybrid
62,1088.6075949367087,5.158476633360086,0.4226746311916363,WT,hybrid
63,1139.240506329114,5.110260406509421,0.41878028014045116,WT,hybrid
64,1189.8734177215188,5.1825185061350805,0.451039303130592,WT,hybrid
65,1240.506329113924,5.3359450031897735,0.467099705546001,WT,hybrid
66,1291.1392405063293,5.388671475696364,0.4628091949856027,WT,hybrid
67,1341.7721518987341,5.432197404628958,0.45066656635405,WT,hybrid
68,1392.4050632911394,5.313188566836671,0.4205179558938866,WT,hybrid
69,1443.0379746835442,5.235366522915244,0.3975985544277767,WT,hybrid
70,1493.6708860759495,5.1996518984823465,0.39117297472305174,WT,hybrid
71,1544.3037974683543,5.150639493920982,0.38284031837293947,WT,hybrid
72,1594.9367088607596,5.039244741718724,0.37232123315107885,WT,hybrid
73,1645.5696202531644,4.8741160669231105,0.3447719517658628,WT,hybrid
74,1696.2025316455697,4.880327019258758,0.3292628280424543,WT,hybrid
75,1746.8354430379745,4.8030570770245395,0.31859226904806753,WT,hybrid
76,1797.4683544303798,4.800192091601378,0.3331523671767437,WT,hybrid
77,1848.1012658227846,4.817693454832258,0.3480708765124987,WT,hybrid
78,1898.73417721519,4.825386479837732,0.35718492663101875,WT,hybrid
79,1949.3670886075947,4.812645853109151,0.36563372743714434,WT,hybrid
80,2000,4.761550340506087,0.3591544967020363,WT,hybrid
1,-2000,1.0883618584382424,0.010373323397542322,WT,none
2,-1949.367088607595,1.079287881411121,0.010195326013882143,WT,none
3,-1898.73417721519,1.0677776106293602,0.009977406992708982,WT,none
4,-1848.1012658227849,1.0657250791707935,0.00997330357739665,WT,none
5,-1797.4683544303798,1.059970908959013,0.010031214164515714,WT,none
6,-1746.8354430379748,1.0573308109793205,0.010075151280057343,WT,none
7,-1696.2025316455697,1.0500019036473691,0.01002247086405938,WT,none
8,-1645.5696202531644,1.046121184277137,0.009943877515791535,WT,none
9,-1594.9367088607596,1.0465811398484715,0.009880384792140038,WT,none
10,-1544.3037974683543,1.0506429854556594,0.009957856735894628,WT,none
11,-1493.6708860759495,1.0592120992206575,0.010051339707978875,WT,none
12,-1443.0379746835442,1.0645575228674347,0.010094186119381262,WT,none
13,-1392.4050632911392,1.0601981404363623,0.010089632886802468,WT,none
14,-1341.7721518987341,1.0562914491833038,0.010051544488000889,WT,none
15,-1291.139240506329,1.0441269216423827,0.009921876551332025,WT,none
16,-1240.506329113924,1.0383041975397624,0.009879269422792398,WT,none
17,-1189.873417721519,1.0381419918267962,0.009860608225796605,WT,none
18,-1139.240506329114,1.0429281112965527,0.009907593254578073,WT,none
19,-1088.607594936709,1.0509544813816774,0.009986746377998275,WT,none
20,-1037.9746835443038,1.0554708775752635,0.010008901276413282,WT,none
21,-987.3417721518988,1.0633456677514408,0.010106788945118789,WT,none
22,-936.7088607594937,1.063933978188474,0.010097035189786477,WT,none
23,-886.0759493670887,1.0655512896742452,0.010166408436337716,WT,none
24,-835.4430379746836,1.0602384842356887,0.010173446827342862,WT,none
25,-784.8101265822784,1.0502673561026936,0.010125338455174325,WT,none
26,-734.1772151898733,1.047619361241872,0.01007053260238616,WT,none
27,-683.5443037974683,1.0457728619189741,0.009969418399921104,WT,none
28,-632.9113924050632,1.0470152911196036,0.009951270170603007,WT,none
29,-582.2784810126582,1.04930463604155,0.009992466798601728,WT,none
30,-531.6455696202531,1.0521510548155166,0.010007974889791856,WT,none
31,-481.0126582278481,1.051276789348718,0.009947057884705426,WT,none
32,-430.37974683544303,1.0473142581174368,0.0098834403618965,WT,none
33,-379.746835443038,1.0411564476006354,0.009834392744706905,WT,none
34,-329.11392405063293,1.0364577179817835,0.009781755388142282,WT,none
35,-278.4810126582279,1.0393266713927893,0.009815281353097241,WT,none
36,-227.84810126582283,1.0440664664168506,0.009848277681863188,WT,none
37,-177.21518987341778,1.0485160437793397,0.009880828664562715,WT,none
38,-126.58227848101274,1.0539464129409735,0.009941227467923117,WT,none
39,-75.94936708860769,1.0563463222315959,0.01002110001223244,WT,none
40,-25.316455696202638,1.0655534938577707,0.010131040420406053,WT,none
41,25.31645569620241,1.0648242908430083,0.010089546462096565,WT,none
42,75.94936708860769,1.0640246698586642,0.010071069867160104,WT,none
43,126.58227848101251,1.0544922821275524,0.009971474479390927,WT,none
44,177.21518987341778,1.0546176340896116,0.01001395080432457,WT,none
45,227.8481012658226,1.0563143546213383,0.010001708701238723,WT,none
46,278.4810126582279,1.057406798863739,0.010016213420639583,WT,none
47,329.1139240506327,1.0514347885685025,0.009983895301338246,WT,none
48,379.746835443038,1.0430124670645262,0.00992595736932668,WT,none
49,430.37974683544326,1.0369130460588247,0.009930565194272035,WT,none
50,481.0126582278481,1.0258556979094975,0.009830485319864368,WT,none
51,531.6455696202534,1.0290684452813998,0.009819088115838844,WT,none
52,582.2784810126582,1.0321994008033004,0.009871362224025917,WT,none
53,632.9113924050635,1.0395124551225219,0.009973791263690445,WT,none
54,683.5443037974683,1.040672534403364,0.01002288252969658,WT,none
55,734.1772151898736,1.0403135236511964,0.009971476070654657,WT,none
56,784.8101265822784,1.0368547191244784,0.009895778016819713,WT,none
57,835.4430379746836,1.042912999852573,0.009966404869896497,WT,none
58,886.0759493670885,1.0442263018152544,0.01004714979655436,WT,none
59,936.7088607594937,1.0463995175666827,0.0100354415890972,WT,none
60,987.3417721518986,1.0436852559523653,0.009931479603843694,WT,none
61,1037.9746835443038,1.0426863797845036,0.009866220529573394,WT,none
62,1088.6075949367087,1.0445195672367729,0.009897159712673433,WT,none
63,1139.240506329114,1.045214312449096,0.009909592620940072,WT,none
64,1189.8734177215188,1.0443490772052033,0.009951638285069977,WT,none
65,1240.506329113924,1.0488674453900433,0.009973294794746422,WT,none
66,1291.1392405063293,1.0524643802006293,0.009949024440973517,WT,none
67,1341.7721518987341,1.055083634728885,0.010029700238518235,WT,none
68,1392.4050632911394,1.0554507510811741,0.01003248476275659,WT,none
69,1443.0379746835442,1.055948648587588,0.010039648183618197,WT,none
70,1493.6708860759495,1.0527250677152302,0.010033614951010569,WT,none
71,1544.3037974683543,1.0542407591134573,0.010027150867566255,WT,none
72,1594.9367088607596,1.0586295294700299,0.01008569674906042,WT,none
73,1645.5696202531644,1.0610689816032064,0.010151828268478606,WT,none
74,1696.2025316455697,1.0600465245792712,0.010146818115435947,WT,none
75,1746.8354430379745,1.055423543004871,0.010062301489741358,WT,none
76,1797.4683544303798,1.0570571969500107,0.009997123753346288,WT,none
77,1848.1012658227846,1.061336466886566,0.009976850764217709,WT,none
78,1898.73417721519,1.0687565551631146,0.010027435743974314,WT,none
79,1949.3670886075947,1.0709967902292805,0.010127435624966775,WT,none
80,2000,1.0753732464733148,0.010255279866760798,WT,none
1,-2000,6.761603038098575,0.14756140728612255,DHX36KO,parallel
2,-1949.367088607595,6.7695475127677085,0.1453358771396007,DHX36KO,parallel
3,-1898.73417721519,6.776005353103613,0.14261735617472984,DHX36KO,parallel
4,-1848.1012658227849,6.793909532091145,0.1448481627119365,DHX36KO,parallel
5,-1797.4683544303798,6.799721621410165,0.1497453695323553,DHX36KO,parallel
6,-1746.8354430379748,6.821840581537611,0.15471459559442355,DHX36KO,parallel
7,-1696.2025316455697,6.877378296723298,0.15716802110937053,DHX36KO,parallel
8,-1645.5696202531644,6.912294362118755,0.15701588749203155,DHX36KO,parallel
9,-1594.9367088607596,6.9612548645019965,0.15709134454579915,DHX36KO,parallel
10,-1544.3037974683543,6.963494985760482,0.15450952054133896,DHX36KO,parallel
11,-1493.6708860759495,6.979473029456702,0.1534429982312445,DHX36KO,parallel
12,-1443.0379746835442,7.0001444351666136,0.15389091124733173,DHX36KO,parallel
13,-1392.4050632911392,7.019163646847904,0.1566412554992095,DHX36KO,parallel
14,-1341.7721518987341,7.0952597947295,0.1638863984267395,DHX36KO,parallel
15,-1291.139240506329,7.137673714310072,0.1696842781769898,DHX36KO,parallel
16,-1240.506329113924,7.1637446826402345,0.17203756350641491,DHX36KO,parallel
17,-1189.873417721519,7.18479348649023,0.1722264349387705,DHX36KO,parallel
18,-1139.240506329114,7.183469435425167,0.17029373969105102,DHX36KO,parallel
19,-1088.607594936709,7.225414788435555,0.1717075402831576,DHX36KO,parallel
20,-1037.9746835443038,7.2870184205366675,0.1722585071092763,DHX36KO,parallel
21,-987.3417721518988,7.343819035413329,0.1739593236284034,DHX36KO,parallel
22,-936.7088607594937,7.338754866755323,0.1725886848760693,DHX36KO,parallel
23,-886.0759493670887,7.321123489515154,0.1677877862485117,DHX36KO,parallel
24,-835.4430379746836,7.321329099354048,0.16219823530815028,DHX36KO,parallel
25,-784.8101265822784,7.367027330384462,0.15922824367776264,DHX36KO,parallel
26,-734.1772151898733,7.4590518832255155,0.16107992021033285,DHX36KO,parallel
27,-683.5443037974683,7.556849558799053,0.16227897688393916,DHX36KO,parallel
28,-632.9113924050632,7.665869869878614,0.16384736855556742,DHX36KO,parallel
29,-582.2784810126582,7.753768118970041,0.16555997678649476,DHX36KO,parallel
30,-531.6455696202531,7.873987642555198,0.1702825125430505,DHX36KO,parallel
31,-481.0126582278481,8.021155781007572,0.17663937724734063,DHX36KO,parallel
32,-430.37974683544303,8.219799161815665,0.1873323143657949,DHX36KO,parallel
33,-379.746835443038,8.4481190469610965,0.1954446976883458,DHX36KO,parallel
34,-329.11392405063293,8.779594711921952,0.2086538269184366,DHX36KO,parallel
35,-278.4810126582279,9.127312414285534,0.2251986382093228,DHX36KO,parallel
36,-227.84810126582283,9.464835421948743,0.2440225125314626,DHX36KO,parallel
37,-177.21518987341778,9.849941390848837,0.26501027156758544,DHX36KO,parallel
38,-126.58227848101274,10.176654622465998,0.28032696787146966,DHX36KO,parallel
39,-75.94936708860769,10.444767769927823,0.28861739929306196,DHX36KO,parallel
40,-25.316455696202638,10.46816707801453,0.28294496227781324,DHX36KO,parallel
41,25.31645569620241,10.31230484708516,0.2686550864730764,DHX36KO,parallel
42,75.94936708860769,10.100490495461585,0.25180908805256796,DHX36KO,parallel
43,126.58227848101251,9.877896234528471,0.23589298465626868,DHX36KO,parallel
44,177.21518987341778,9.68063389559778,0.22618165060838738,DHX36KO,parallel
45,227.8481012658226,9.386299844353765,0.21583046585450344,DHX36KO,parallel
46,278.4810126582279,9.049714640904591,0.2037283770306477,DHX36KO,parallel
47,329.1139240506327,8.78074753164949,0.19496912944458683,DHX36KO,parallel
48,379.746835443038,8.543112835716217,0.18561264107394185,DHX36KO,parallel
49,430.37974683544326,8.300172729170315,0.17514641467638176,DHX36KO,parallel
50,481.0126582278481,8.07933608524419,0.16847996492088027,DHX36KO,parallel
51,531.6455696202534,7.9103369013947304,0.16815662193974196,DHX36KO,parallel
52,582.2784810126582,7.81303974527851,0.16947317531524514,DHX36KO,parallel
53,632.9113924050635,7.744968571806029,0.16872700261666412,DHX36KO,parallel
54,683.5443037974683,7.639231552319665,0.16625575195637438,DHX36KO,parallel
55,734.1772151898736,7.538770052950745,0.16341639368218075,DHX36KO,parallel
56,784.8101265822784,7.448495781487305,0.1607604709096699,DHX36KO,parallel
57,835.4430379746836,7.410447604424096,0.16080624202398586,DHX36KO,parallel
58,886.0759493670885,7.331354206135999,0.16404328397924892,DHX36KO,parallel
59,936.7088607594937,7.312414448484344,0.17038782971622016,DHX36KO,parallel
60,987.3417721518986,7.292088320884821,0.1740515908805039,DHX36KO,parallel
61,1037.9746835443038,7.261779217164206,0.17619682711913506,DHX36KO,parallel
62,1088.6075949367087,7.211158361799748,0.17513158346299476,DHX36KO,parallel
63,1139.240506329114,7.136271924385715,0.17401700047685012,DHX36KO,parallel
64,1189.8734177215188,7.090438170999094,0.17444750057068495,DHX36KO,parallel
65,1240.506329113924,7.061774259684775,0.1722017941335693,DHX36KO,parallel
66,1291.1392405063293,7.036738834579006,0.16787030901291647,DHX36KO,parallel
67,1341.7721518987341,7.016788796274314,0.16131948227791257,DHX36KO,parallel
68,1392.4050632911394,7.02276274414069,0.15710751177315554,DHX36KO,parallel
69,1443.0379746835442,7.031262126392609,0.158401521863314,DHX36KO,parallel
70,1493.6708860759495,7.001657842393223,0.15938753009050274,DHX36KO,parallel
71,1544.3037974683543,6.974423974574163,0.16038434704513138,DHX36KO,parallel
72,1594.9367088607596,6.888469366796021,0.1608501523546317,DHX36KO,parallel
73,1645.5696202531644,6.8225257229455245,0.15871396057333376,DHX36KO,parallel
74,1696.2025316455697,6.80438590346715,0.15572858938606676,DHX36KO,parallel
75,1746.8354430379745,6.797274239182714,0.15152930603879164,DHX36KO,parallel
76,1797.4683544303798,6.7747640476551805,0.14955867634590936,DHX36KO,parallel
77,1848.1012658227846,6.798319479687062,0.1514901024958204,DHX36KO,parallel
78,1898.73417721519,6.8881721350180865,0.16140087505824108,DHX36KO,parallel
79,1949.3670886075947,6.961366416073362,0.16999472144575337,DHX36KO,parallel
80,2000,6.952028299678397,0.17206165326004635,DHX36KO,parallel
1,-2000,7.840954721453178,0.8032604170785548,DHX36KO,antiparallel
2,-1949.367088607595,7.799945463397609,0.7764859680762757,DHX36KO,antiparallel
3,-1898.73417721519,7.7052485938416195,0.7195074658550603,DHX36KO,antiparallel
4,-1848.1012658227849,7.488977952181403,0.6335852285641113,DHX36KO,antiparallel
5,-1797.4683544303798,7.358830431942916,0.5616074677994954,DHX36KO,antiparallel
6,-1746.8354430379748,7.13158407817907,0.4886112401775086,DHX36KO,antiparallel
7,-1696.2025316455697,7.012958302319939,0.47095273347751,DHX36KO,antiparallel
8,-1645.5696202531644,6.934692945035536,0.47493046136527295,DHX36KO,antiparallel
9,-1594.9367088607596,6.800711880019648,0.4688559886820585,DHX36KO,antiparallel
10,-1544.3037974683543,6.634936142875188,0.46170951340970384,DHX36KO,antiparallel
11,-1493.6708860759495,6.604930484546358,0.4449303058190943,DHX36KO,antiparallel
12,-1443.0379746835442,6.5036618283933665,0.4110798931175655,DHX36KO,antiparallel
13,-1392.4050632911392,6.394612872461774,0.3860016739100319,DHX36KO,antiparallel
14,-1341.7721518987341,6.277913188825199,0.36057025830193173,DHX36KO,antiparallel
15,-1291.139240506329,6.249302764856993,0.351024568548297,DHX36KO,antiparallel
16,-1240.506329113924,6.318791287942905,0.3626364608372325,DHX36KO,antiparallel
17,-1189.873417721519,6.388508526602788,0.3814623131648471,DHX36KO,antiparallel
18,-1139.240506329114,6.353051671744579,0.3937631525854454,DHX36KO,antiparallel
19,-1088.607594936709,6.195410246218022,0.3849732845547638,DHX36KO,antiparallel
20,-1037.9746835443038,6.156683395035825,0.37918312742185833,DHX36KO,antiparallel
21,-987.3417721518988,6.14544117347518,0.36707960475611595,DHX36KO,antiparallel
22,-936.7088607594937,6.20441827664921,0.3673591371779635,DHX36KO,antiparallel
23,-886.0759493670887,6.309159006590867,0.3660718090814527,DHX36KO,antiparallel
24,-835.4430379746836,6.390902551862138,0.3766437325587807,DHX36KO,antiparallel
25,-784.8101265822784,6.393851552117523,0.37236192408767055,DHX36KO,antiparallel
26,-734.1772151898733,6.3267240859797935,0.35636860540919846,DHX36KO,antiparallel
27,-683.5443037974683,6.25999007129432,0.3449320618755321,DHX36KO,antiparallel
28,-632.9113924050632,6.162506117501662,0.34492570675650097,DHX36KO,antiparallel
29,-582.2784810126582,6.074223948947233,0.3439255313360391,DHX36KO,antiparallel
30,-531.6455696202531,5.9934432227575956,0.3507507439567606,DHX36KO,antiparallel
31,-481.0126582278481,6.063055410722002,0.3597157658679157,DHX36KO,antiparallel
32,-430.37974683544303,6.155361752623943,0.38065327621077566,DHX36KO,antiparallel
33,-379.746835443038,6.221834500041174,0.4232688550261005,DHX36KO,antiparallel
34,-329.11392405063293,6.332794797339843,0.47826370570266363,DHX36KO,antiparallel
35,-278.4810126582279,6.680138794375889,0.5449849876276356,DHX36KO,antiparallel
36,-227.84810126582283,7.043562630679477,0.6064018234116634,DHX36KO,antiparallel
37,-177.21518987341778,7.402550558405729,0.6393808380398482,DHX36KO,antiparallel
38,-126.58227848101274,7.66855932732008,0.677775866648736,DHX36KO,antiparallel
39,-75.94936708860769,7.939353680993787,0.712834349521022,DHX36KO,antiparallel
40,-25.316455696202638,8.138692287351361,0.7356152841864688,DHX36KO,antiparallel
41,25.31645569620241,8.351710318540459,0.7450586519872372,DHX36KO,antiparallel
42,75.94936708860769,8.282601654642257,0.7319190358330566,DHX36KO,antiparallel
43,126.58227848101251,8.036076865367036,0.6986362734624463,DHX36KO,antiparallel
44,177.21518987341778,7.708253349861695,0.640743383873136,DHX36KO,antiparallel
45,227.8481012658226,7.3980163754301875,0.5710736072921484,DHX36KO,antiparallel
46,278.4810126582279,7.093750129055621,0.5031951094201349,DHX36KO,antiparallel
47,329.1139240506327,6.963422503305312,0.46953658122395503,DHX36KO,antiparallel
48,379.746835443038,6.98536381721378,0.45022198615776526,DHX36KO,antiparallel
49,430.37974683544326,6.993818570772807,0.4590677452601154,DHX36KO,antiparallel
50,481.0126582278481,6.9628803658639615,0.460260921800982,DHX36KO,antiparallel
51,531.6455696202534,6.852750097803809,0.4549020085701298,DHX36KO,antiparallel
52,582.2784810126582,6.767122445805156,0.4582181589404401,DHX36KO,antiparallel
53,632.9113924050635,6.7072476465298765,0.45848427987606044,DHX36KO,antiparallel
54,683.5443037974683,6.57599547848654,0.4434256219307369,DHX36KO,antiparallel
55,734.1772151898736,6.54513013009171,0.4306627377537727,DHX36KO,antiparallel
56,784.8101265822784,6.6388565805788655,0.4478665944442661,DHX36KO,antiparallel
57,835.4430379746836,6.769807483622091,0.4758519061948828,DHX36KO,antiparallel
58,886.0759493670885,6.953889959096909,0.514333989324494,DHX36KO,antiparallel
59,936.7088607594937,7.064552946214059,0.5224584194225249,DHX36KO,antiparallel
60,987.3417721518986,7.19875610675622,0.51167433600274,DHX36KO,antiparallel
61,1037.9746835443038,7.244241849045255,0.4859872206451509,DHX36KO,antiparallel
62,1088.6075949367087,7.214595833395251,0.45950011474281177,DHX36KO,antiparallel
63,1139.240506329114,7.073465386573355,0.42859517402428854,DHX36KO,antiparallel
64,1189.8734177215188,6.904161248060008,0.40102787556933994,DHX36KO,antiparallel
65,1240.506329113924,6.831487749441346,0.4042936672839533,DHX36KO,antiparallel
66,1291.1392405063293,6.84572754613084,0.4089490512317155,DHX36KO,antiparallel
67,1341.7721518987341,6.9786962982089955,0.42789485367692964,DHX36KO,antiparallel
68,1392.4050632911394,6.905329339635906,0.4472379711996912,DHX36KO,antiparallel
69,1443.0379746835442,6.926415412611036,0.48188361434348825,DHX36KO,antiparallel
70,1493.6708860759495,6.997475198790801,0.5221665929385754,DHX36KO,antiparallel
71,1544.3037974683543,7.099869223441651,0.6211302681128424,DHX36KO,antiparallel
72,1594.9367088607596,7.156130421671701,0.7215540959734454,DHX36KO,antiparallel
73,1645.5696202531644,7.197381877660751,0.7509891916510714,DHX36KO,antiparallel
74,1696.2025316455697,7.0937514575963,0.7078674230036613,DHX36KO,antiparallel
75,1746.8354430379745,6.946419314764032,0.6546823691955306,DHX36KO,antiparallel
76,1797.4683544303798,6.841413022652194,0.6399362533232047,DHX36KO,antiparallel
77,1848.1012658227846,6.699154682149935,0.6234020660056985,DHX36KO,antiparallel
78,1898.73417721519,6.579713974730885,0.5882629716781103,DHX36KO,antiparallel
79,1949.3670886075947,6.453405207947119,0.5365093776488425,DHX36KO,antiparallel
80,2000,6.35677433624315,0.5179929274337006,DHX36KO,antiparallel
1,-2000,7.0688095588489865,0.46888389038161216,DHX36KO,hybrid
2,-1949.367088607595,7.24945207101851,0.49898337257721237,DHX36KO,hybrid
3,-1898.73417721519,7.374522070476273,0.5122687002204468,DHX36KO,hybrid
4,-1848.1012658227849,7.369859217867662,0.5200975533612519,DHX36KO,hybrid
5,-1797.4683544303798,7.317992898203292,0.5000774744808242,DHX36KO,hybrid
6,-1746.8354430379748,7.230763603003663,0.47629475074470556,DHX36KO,hybrid
7,-1696.2025316455697,7.2603958273012505,0.47253353179266416,DHX36KO,hybrid
8,-1645.5696202531644,7.229294728792938,0.4527720444558734,DHX36KO,hybrid
9,-1594.9367088607596,7.121974297922933,0.4280466778764805,DHX36KO,hybrid
10,-1544.3037974683543,6.923380424959212,0.39055489671010357,DHX36KO,hybrid
11,-1493.6708860759495,6.656299529330536,0.34634285371547513,DHX36KO,hybrid
12,-1443.0379746835442,6.554411519105008,0.33296175565169867,DHX36KO,hybrid
13,-1392.4050632911392,6.477843581095682,0.33288596042018553,DHX36KO,hybrid
14,-1341.7721518987341,6.438143291411267,0.3421018824058948,DHX36KO,hybrid
15,-1291.139240506329,6.377698861797186,0.34641688505595364,DHX36KO,hybrid
16,-1240.506329113924,6.342996397145532,0.34272772576047167,DHX36KO,hybrid
17,-1189.873417721519,6.290270051270697,0.326158194957728,DHX36KO,hybrid
18,-1139.240506329114,6.223961719101366,0.30717625838099,DHX36KO,hybrid
19,-1088.607594936709,6.152145000448053,0.28777716034692047,DHX36KO,hybrid
20,-1037.9746835443038,6.1386216876334725,0.27468378020943934,DHX36KO,hybrid
21,-987.3417721518988,6.2050919640696165,0.2793714055893917,DHX36KO,hybrid
22,-936.7088607594937,6.275326841003919,0.2869580261037552,DHX36KO,hybrid
23,-886.0759493670887,6.36086227746951,0.29130761431069274,DHX36KO,hybrid
24,-835.4430379746836,6.5728292278752205,0.30364744554231854,DHX36KO,hybrid
25,-784.8101265822784,6.751271313781259,0.32408509406921504,DHX36KO,hybrid
26,-734.1772151898733,7.0393627230055,0.35109709453119525,DHX36KO,hybrid
27,-683.5443037974683,7.318485676419703,0.3727772952798272,DHX36KO,hybrid
28,-632.9113924050632,7.542430368142415,0.3924207865276739,DHX36KO,hybrid
29,-582.2784810126582,7.760474745148347,0.42260660162483893,DHX36KO,hybrid
30,-531.6455696202531,8.038025158086413,0.45516952970417673,DHX36KO,hybrid
31,-481.0126582278481,8.396191502361463,0.5147432908882714,DHX36KO,hybrid
32,-430.37974683544303,8.785711971043327,0.5805913599846612,DHX36KO,hybrid
33,-379.746835443038,9.352811974085316,0.6628874617371773,DHX36KO,hybrid
34,-329.11392405063293,9.93359494923617,0.7359008115457092,DHX36KO,hybrid
35,-278.4810126582279,10.660055512524394,0.8122581743321599,DHX36KO,hybrid
36,-227.84810126582283,11.118796295926899,0.8568500518507042,DHX36KO,hybrid
37,-177.21518987341778,11.393952309832526,0.8696742607742464,DHX36KO,hybrid
38,-126.58227848101274,11.753087724176986,0.8706771522116002,DHX36KO,hybrid
39,-75.94936708860769,11.993505914573293,0.8554724191589901,DHX36KO,hybrid
40,-25.316455696202638,12.130639473091668,0.8377079076512322,DHX36KO,hybrid
41,25.31645569620241,12.131395619451089,0.8153372791670601,DHX36KO,hybrid
42,75.94936708860769,11.804522604094753,0.7765627274188184,DHX36KO,hybrid
43,126.58227848101251,11.411073227535647,0.7443345200220842,DHX36KO,hybrid
44,177.21518987341778,10.901009591571869,0.692431965694098,DHX36KO,hybrid
45,227.8481012658226,10.32153138245248,0.6342686615369292,DHX36KO,hybrid
46,278.4810126582279,9.762681954577499,0.5736233412230004,DHX36KO,hybrid
47,329.1139240506327,9.367215892352469,0.5361828205212816,DHX36KO,hybrid
48,379.746835443038,9.030408641025312,0.5038236545702838,DHX36KO,hybrid
49,430.37974683544326,8.760741559779369,0.4804451593558065,DHX36KO,hybrid
50,481.0126582278481,8.58437200924564,0.4799585380510276,DHX36KO,hybrid
51,531.6455696202534,8.512452037809995,0.5006354132036366,DHX36KO,hybrid
52,582.2784810126582,8.461134306976058,0.5172194931082804,DHX36KO,hybrid
53,632.9113924050635,8.4760870660697325,0.5432622263109292,DHX36KO,hybrid
54,683.5443037974683,8.492548018482925,0.5927567025021435,DHX36KO,hybrid
55,734.1772151898736,8.444972150073005,0.6338176151614224,DHX36KO,hybrid
56,784.8101265822784,8.395352575421226,0.6743571176817421,DHX36KO,hybrid
57,835.4430379746836,8.354949562198282,0.6761915275744903,DHX36KO,hybrid
58,886.0759493670885,8.28676063839923,0.6588484513425464,DHX36KO,hybrid
59,936.7088607594937,8.136946603523539,0.6157334299809882,DHX36KO,hybrid
60,987.3417721518986,8.09474482329815,0.583921651629814,DHX36KO,hybrid
61,1037.9746835443038,8.189096203629362,0.5931180972052871,DHX36KO,hybrid
62,1088.6075949367087,8.237452505679501,0.5948364599333513,DHX36KO,hybrid
63,1139.240506329114,8.220781944732032,0.5995852439473626,DHX36KO,hybrid
64,1189.8734177215188,8.365143720902308,0.6344405882190525,DHX36KO,hybrid
65,1240.506329113924,8.561489723729816,0.6640226446731878,DHX36KO,hybrid
66,1291.1392405063293,8.680198548764803,0.6694998246903612,DHX36KO,hybrid
67,1341.7721518987341,8.732842669410598,0.6485190836397188,DHX36KO,hybrid
68,1392.4050632911394,8.60172240451911,0.6211691692834027,DHX36KO,hybrid
69,1443.0379746835442,8.477313653229595,0.5989180001176048,DHX36KO,hybrid
70,1493.6708860759495,8.394208653850733,0.5959352881693564,DHX36KO,hybrid
71,1544.3037974683543,8.291893814918202,0.5925198064115583,DHX36KO,hybrid
72,1594.9367088607596,8.18761943613494,0.5808594552478034,DHX36KO,hybrid
73,1645.5696202531644,7.95815787164563,0.5344328630774283,DHX36KO,hybrid
74,1696.2025316455697,7.867597495212138,0.5087190598727801,DHX36KO,hybrid
75,1746.8354430379745,7.760385049374812,0.4795378515605074,DHX36KO,hybrid
76,1797.4683544303798,7.846307512824141,0.48403605082197915,DHX36KO,hybrid
77,1848.1012658227846,7.8297078001267115,0.49267987856272033,DHX36KO,hybrid
78,1898.73417721519,7.84124969001229,0.49869761766590787,DHX36KO,hybrid
79,1949.3670886075947,7.846806667402998,0.5180123920268663,DHX36KO,hybrid
80,2000,7.8355577482039,0.5105797647709273,DHX36KO,hybrid
1,-2000,1.6458330294971992,0.01529932707498456,DHX36KO,none
2,-1949.367088607595,1.6290632212780674,0.015047438886772423,DHX36KO,none
3,-1898.73417721519,1.6190305709377877,0.014832230400897022,DHX36KO,none
4,-1848.1012658227849,1.6122071846909367,0.014800034996833977,DHX36KO,none
5,-1797.4683544303798,1.6044299284681132,0.014793833815587009,DHX36KO,none
6,-1746.8354430379748,1.5980649429600657,0.014786935725346723,DHX36KO,none
7,-1696.2025316455697,1.592764356128372,0.014822961778386516,DHX36KO,none
8,-1645.5696202531644,1.5912977917290139,0.01478106971505073,DHX36KO,none
9,-1594.9367088607596,1.5928753854643916,0.014722044417055595,DHX36KO,none
10,-1544.3037974683543,1.58902594163544,0.014646406381080048,DHX36KO,none
11,-1493.6708860759495,1.5837592923995751,0.01463425428913267,DHX36KO,none
12,-1443.0379746835442,1.587435977832495,0.014660845377250736,DHX36KO,none
13,-1392.4050632911392,1.5890956415600246,0.014713661403738358,DHX36KO,none
14,-1341.7721518987341,1.5720700065266089,0.014595831662056347,DHX36KO,none
15,-1291.139240506329,1.5682626046958326,0.01445448790347147,DHX36KO,none
16,-1240.506329113924,1.5669287109779968,0.014347389195997717,DHX36KO,none
17,-1189.873417721519,1.5695223175967394,0.014361620106179723,DHX36KO,none
18,-1139.240506329114,1.5833332857333855,0.014497689315329234,DHX36KO,none
19,-1088.607594936709,1.5969761405842169,0.014787731134235076,DHX36KO,none
20,-1037.9746835443038,1.6017378146922387,0.01489241616363279,DHX36KO,none
21,-987.3417721518988,1.6018192925067427,0.01483289284250487,DHX36KO,none
22,-936.7088607594937,1.5990784000322245,0.014756761198160537,DHX36KO,none
23,-886.0759493670887,1.5933632053070266,0.014683711531221735,DHX36KO,none
24,-835.4430379746836,1.5842887951861668,0.014640003522242042,DHX36KO,none
25,-784.8101265822784,1.5774647619298765,0.01465545946930351,DHX36KO,none
26,-734.1772151898733,1.576369307969232,0.014665864138168902,DHX36KO,none
27,-683.5443037974683,1.5712681924987055,0.014650261119900919,DHX36KO,none
28,-632.9113924050632,1.568525998509409,0.0145331428778425,DHX36KO,none
29,-582.2784810126582,1.5677619268628753,0.014526324880145044,DHX36KO,none
30,-531.6455696202531,1.559143985090579,0.01451447512859219,DHX36KO,none
31,-481.0126582278481,1.566255451859891,0.014565096605841403,DHX36KO,none
32,-430.37974683544303,1.5713309695694262,0.014649294601843858,DHX36KO,none
33,-379.746835443038,1.5748858767003437,0.014707281750860744,DHX36KO,none
34,-329.11392405063293,1.576612842557947,0.014573425561413335,DHX36KO,none
35,-278.4810126582279,1.573105305688232,0.014537738511847363,DHX36KO,none
36,-227.84810126582283,1.5731741096907526,0.014523068144762894,DHX36KO,none
37,-177.21518987341778,1.580466538456098,0.014579528501996513,DHX36KO,none
38,-126.58227848101274,1.5823218929683573,0.014624401303199053,DHX36KO,none
39,-75.94936708860769,1.5896084504451904,0.014750187114715008,DHX36KO,none
40,-25.316455696202638,1.5845998073925545,0.014615986158661961,DHX36KO,none
41,25.31645569620241,1.5832229360954146,0.014532616689200983,DHX36KO,none
42,75.94936708860769,1.5782466419703265,0.014498794607451161,DHX36KO,none
43,126.58227848101251,1.5770005437497312,0.014565045080124819,DHX36KO,none
44,177.21518987341778,1.5807978646244873,0.014572387950036863,DHX36KO,none
45,227.8481012658226,1.5817925803126458,0.014624254425863454,DHX36KO,none
46,278.4810126582279,1.5835551374718635,0.014825913731296042,DHX36KO,none
47,329.1139240506327,1.5718267412906501,0.014824539255616219,DHX36KO,none
48,379.746835443038,1.566207629715688,0.014790409700496785,DHX36KO,none
49,430.37974683544326,1.5621883071789715,0.01469503172611437,DHX36KO,none
50,481.0126582278481,1.5668061166310105,0.014672613066599838,DHX36KO,none
51,531.6455696202534,1.5688988811213445,0.014665997303875355,DHX36KO,none
52,582.2784810126582,1.5799856418626372,0.014715970636799774,DHX36KO,none
53,632.9113924050635,1.5745249258626477,0.014600657074847121,DHX36KO,none
54,683.5443037974683,1.5713959862196407,0.014483696263063551,DHX36KO,none
55,734.1772151898736,1.5702324196656599,0.014393378006075765,DHX36KO,none
56,784.8101265822784,1.5709947482195292,0.014423538876913309,DHX36KO,none
57,835.4430379746836,1.5720572628979717,0.01449618160829949,DHX36KO,none
58,886.0759493670885,1.5740583697641084,0.014581242811240373,DHX36KO,none
59,936.7088607594937,1.5778823517632588,0.014668136805310181,DHX36KO,none
60,987.3417721518986,1.5771718350057569,0.014625297697453007,DHX36KO,none
61,1037.9746835443038,1.5745861289951244,0.014566588937553344,DHX36KO,none
62,1088.6075949367087,1.5782923715809547,0.014622861024046285,DHX36KO,none
63,1139.240506329114,1.572523052230889,0.014559880750764248,DHX36KO,none
64,1189.8734177215188,1.5705884905895477,0.014468020151838068,DHX36KO,none
65,1240.506329113924,1.5811311275456674,0.01449219140107604,DHX36KO,none
66,1291.1392405063293,1.5853893923836293,0.014526724193113027,DHX36KO,none
67,1341.7721518987341,1.5935787344494294,0.014603500809955932,DHX36KO,none
68,1392.4050632911394,1.5994882892540028,0.014773479147853024,DHX36KO,none
69,1443.0379746835442,1.5914333372886007,0.014836530870759814,DHX36KO,none
70,1493.6708860759495,1.598206679419355,0.014921799994670016,DHX36KO,none
71,1544.3037974683543,1.5968700321565554,0.014812361544644291,DHX36KO,none
72,1594.9367088607596,1.5935448637057754,0.01480167444174674,DHX36KO,none
73,1645.5696202531644,1.5972315419315424,0.014855527915255053,DHX36KO,none
74,1696.2025316455697,1.5972011399607378,0.014846694963365553,DHX36KO,none
75,1746.8354430379745,1.5954547929374834,0.014701154387097067,DHX36KO,none
76,1797.4683544303798,1.5932295064904272,0.014641424813291823,DHX36KO,none
77,1848.1012658227846,1.5896800314272705,0.014466514143749831,DHX36KO,none
78,1898.73417721519,1.5943578589386997,0.014441472212189098,DHX36KO,none
79,1949.3670886075947,1.6091522721377771,0.014626091769932213,DHX36KO,none
80,2000,1.6303236879994034,0.014925144656144865,DHX36KO,none
1,-2000,4.803569525137466,0.11239468574170342,FANCJKO,parallel
2,-1949.367088607595,4.811879346542772,0.11131059730651144,FANCJKO,parallel
3,-1898.73417721519,4.8177953322136595,0.10911912756112843,FANCJKO,parallel
4,-1848.1012658227849,4.809063268111915,0.11003803920497952,FANCJKO,parallel
5,-1797.4683544303798,4.8197086052469515,0.1130915493349275,FANCJKO,parallel
6,-1746.8354430379748,4.838294010318071,0.11717706599968676,FANCJKO,parallel
7,-1696.2025316455697,4.88363855683521,0.11897195667604393,FANCJKO,parallel
8,-1645.5696202531644,4.9200702230588655,0.11766696522346226,FANCJKO,parallel
9,-1594.9367088607596,4.954312590536537,0.11658785258189325,FANCJKO,parallel
10,-1544.3037974683543,4.973647171679535,0.11578888748981618,FANCJKO,parallel
11,-1493.6708860759495,4.998087275757635,0.11802913680914012,FANCJKO,parallel
12,-1443.0379746835442,5.016963047649812,0.12116324279598951,FANCJKO,parallel
13,-1392.4050632911392,5.054433066686532,0.12582268114099807,FANCJKO,parallel
14,-1341.7721518987341,5.119087033346797,0.13518747446652266,FANCJKO,parallel
15,-1291.139240506329,5.166450502722238,0.14183255089704327,FANCJKO,parallel
16,-1240.506329113924,5.190000591635677,0.14530084872061094,FANCJKO,parallel
17,-1189.873417721519,5.179693142493404,0.143588253573929,FANCJKO,parallel
18,-1139.240506329114,5.174823004856897,0.14042073093212687,FANCJKO,parallel
19,-1088.607594936709,5.241630223965865,0.14139386608004512,FANCJKO,parallel
20,-1037.9746835443038,5.316867253015553,0.14071241722834496,FANCJKO,parallel
21,-987.3417721518988,5.361089688115776,0.14092199497539598,FANCJKO,parallel
22,-936.7088607594937,5.3526553873794125,0.1392610750116388,FANCJKO,parallel
23,-886.0759493670887,5.3234239766066676,0.13492291049868385,FANCJKO,parallel
24,-835.4430379746836,5.306021884080869,0.12971167083211438,FANCJKO,parallel
25,-784.8101265822784,5.321701574532395,0.12770346624797302,FANCJKO,parallel
26,-734.1772151898733,5.366123641602209,0.12905963350810806,FANCJKO,parallel
27,-683.5443037974683,5.438633734747186,0.1299926224900093,FANCJKO,parallel
28,-632.9113924050632,5.501788100003927,0.12983884531389914,FANCJKO,parallel
29,-582.2784810126582,5.565840535478112,0.13187052535044694,FANCJKO,parallel
30,-531.6455696202531,5.657872289087131,0.1361879697364544,FANCJKO,parallel
31,-481.0126582278481,5.764814241252724,0.14266853495275308,FANCJKO,parallel
32,-430.37974683544303,5.942482182274498,0.15248967753689982,FANCJKO,parallel
33,-379.746835443038,6.113002682978454,0.15892040818437492,FANCJKO,parallel
34,-329.11392405063293,6.34394459590038,0.16766025198442217,FANCJKO,parallel
35,-278.4810126582279,6.607517266194833,0.1802357567004861,FANCJKO,parallel
36,-227.84810126582283,6.921245304623567,0.19787784780794346,FANCJKO,parallel
37,-177.21518987341778,7.237887047763873,0.2168774093876243,FANCJKO,parallel
38,-126.58227848101274,7.533484580964166,0.23235740775828848,FANCJKO,parallel
39,-75.94936708860769,7.738981603580467,0.23870649584407486,FANCJKO,parallel
40,-25.316455696202638,7.743116685141992,0.23417640544813623,FANCJKO,parallel
41,25.31645569620241,7.604952664092711,0.21892672066411759,FANCJKO,parallel
42,75.94936708860769,7.408547882382473,0.20152740454006168,FANCJKO,parallel
43,126.58227848101251,7.20958639468783,0.1865940496087853,FANCJKO,parallel
44,177.21518987341778,7.077483102929213,0.1780260745168829,FANCJKO,parallel
45,227.8481012658226,6.876775962095017,0.17034163752603818,FANCJKO,parallel
46,278.4810126582279,6.599889255112381,0.16039678378781588,FANCJKO,parallel
47,329.1139240506327,6.3765381543999515,0.15385954135519608,FANCJKO,parallel
48,379.746835443038,6.190941366061161,0.1471212072691084,FANCJKO,parallel
49,430.37974683544326,5.979242438925548,0.13806497600615925,FANCJKO,parallel
50,481.0126582278481,5.816466539062353,0.13307648058862348,FANCJKO,parallel
51,531.6455696202534,5.7010045624847905,0.13227139573620372,FANCJKO,parallel
52,582.2784810126582,5.644302147973124,0.13345754691047104,FANCJKO,parallel
53,632.9113924050635,5.589614423377227,0.13309035820569368,FANCJKO,parallel
54,683.5443037974683,5.5153055197308545,0.13054414678916682,FANCJKO,parallel
55,734.1772151898736,5.427673056258006,0.12669442142186146,FANCJKO,parallel
56,784.8101265822784,5.374019056321481,0.12580339670254218,FANCJKO,parallel
57,835.4430379746836,5.3241127250446905,0.12576240977538536,FANCJKO,parallel
58,886.0759493670885,5.286064880519493,0.12935741056052863,FANCJKO,parallel
59,936.7088607594937,5.274819347741345,0.13670738745474403,FANCJKO,parallel
60,987.3417721518986,5.2659160226712345,0.14053789186380405,FANCJKO,parallel
61,1037.9746835443038,5.265801616187452,0.14356867326979236,FANCJKO,parallel
62,1088.6075949367087,5.236295550576022,0.14344728568911827,FANCJKO,parallel
63,1139.240506329114,5.207249304985252,0.14300521591076085,FANCJKO,parallel
64,1189.8734177215188,5.166382832650593,0.14260059214956264,FANCJKO,parallel
65,1240.506329113924,5.158927471453814,0.14040241325115937,FANCJKO,parallel
66,1291.1392405063293,5.1046215306247396,0.13398311552560604,FANCJKO,parallel
67,1341.7721518987341,5.045282903616274,0.1280807015899073,FANCJKO,parallel
68,1392.4050632911394,5.031792459671396,0.12381529633006028,FANCJKO,parallel
69,1443.0379746835442,5.020806734180106,0.12130251166481754,FANCJKO,parallel
70,1493.6708860759495,5.013895074547346,0.12129887736054129,FANCJKO,parallel
71,1544.3037974683543,4.997262253932505,0.1231307827837056,FANCJKO,parallel
72,1594.9367088607596,4.935122148462354,0.12271272584868623,FANCJKO,parallel
73,1645.5696202531644,4.8782428401300475,0.12173367836374334,FANCJKO,parallel
74,1696.2025316455697,4.842568861954263,0.11961363866632099,FANCJKO,parallel
75,1746.8354430379745,4.831824609982674,0.11604223937809474,FANCJKO,parallel
76,1797.4683544303798,4.811171612001116,0.11364133588482078,FANCJKO,parallel
77,1848.1012658227846,4.82266738045864,0.11518102107070345,FANCJKO,parallel
78,1898.73417721519,4.86154174457439,0.12319191992726343,FANCJKO,parallel
79,1949.3670886075947,4.902423989108389,0.12902960741831493,FANCJKO,parallel
80,2000,4.902983377116605,0.13101817028902313,FANCJKO,parallel
1,-2000,5.902892099333046,0.6297644086352842,FANCJKO,antiparallel
2,-1949.367088607595,5.827638305578659,0.6188551501014933,FANCJKO,antiparallel
3,-1898.73417721519,5.680691176546154,0.5742532456194537,FANCJKO,antiparallel
4,-1848.1012658227849,5.560004817704063,0.49839651994807777,FANCJKO,antiparallel
5,-1797.4683544303798,5.343636489623814,0.4218429109710225,FANCJKO,antiparallel
6,-1746.8354430379748,5.188398597096922,0.37400366744841923,FANCJKO,antiparallel
7,-1696.2025316455697,5.062419964529389,0.3530581540736977,FANCJKO,antiparallel
8,-1645.5696202531644,4.952514407089101,0.3426058425388953,FANCJKO,antiparallel
9,-1594.9367088607596,4.861652411229575,0.34819556339013663,FANCJKO,antiparallel
10,-1544.3037974683543,4.755076093037923,0.34168080907831244,FANCJKO,antiparallel
11,-1493.6708860759495,4.675787701174987,0.3273964698548613,FANCJKO,antiparallel
12,-1443.0379746835442,4.506825063898789,0.28501976577758736,FANCJKO,antiparallel
13,-1392.4050632911392,4.403819718375135,0.26913267936265983,FANCJKO,antiparallel
14,-1341.7721518987341,4.350538485932706,0.26286937147936656,FANCJKO,antiparallel
15,-1291.139240506329,4.276327727254944,0.2609148432297501,FANCJKO,antiparallel
16,-1240.506329113924,4.303368341460157,0.27441455835963613,FANCJKO,antiparallel
17,-1189.873417721519,4.396680255709596,0.2846460743859422,FANCJKO,antiparallel
18,-1139.240506329114,4.414590593321407,0.2879735702052126,FANCJKO,antiparallel
19,-1088.607594936709,4.37260266890336,0.2736553685237789,FANCJKO,antiparallel
20,-1037.9746835443038,4.420343558822698,0.2675229756300735,FANCJKO,antiparallel
21,-987.3417721518988,4.452027685121517,0.2679798617256035,FANCJKO,antiparallel
22,-936.7088607594937,4.42616819217549,0.27414160734467824,FANCJKO,antiparallel
23,-886.0759493670887,4.407321050092356,0.28163747117364246,FANCJKO,antiparallel
24,-835.4430379746836,4.429292599487067,0.2886713663469744,FANCJKO,antiparallel
25,-784.8101265822784,4.3304272306795735,0.2795251317444739,FANCJKO,antiparallel
26,-734.1772151898733,4.301075214702691,0.26366102858135537,FANCJKO,antiparallel
27,-683.5443037974683,4.250571197456388,0.2475892559493692,FANCJKO,antiparallel
28,-632.9113924050632,4.280694717738165,0.25418324749529314,FANCJKO,antiparallel
29,-582.2784810126582,4.295537469476017,0.2630873273164969,FANCJKO,antiparallel
30,-531.6455696202531,4.291317874615466,0.2819937395957132,FANCJKO,antiparallel
31,-481.0126582278481,4.290762070067486,0.27568026054081557,FANCJKO,antiparallel
32,-430.37974683544303,4.360635626667174,0.29221923572393155,FANCJKO,antiparallel
33,-379.746835443038,4.452354629406289,0.33150201607856605,FANCJKO,antiparallel
34,-329.11392405063293,4.5343500051071395,0.3861093999740385,FANCJKO,antiparallel
35,-278.4810126582279,4.791817261264098,0.45656652969444744,FANCJKO,antiparallel
36,-227.84810126582283,5.120963354081064,0.5063288244295374,FANCJKO,antiparallel
37,-177.21518987341778,5.409553147022997,0.53785705017042,FANCJKO,antiparallel
38,-126.58227848101274,5.712941007990149,0.5669268996810791,FANCJKO,antiparallel
39,-75.94936708860769,5.962648180478841,0.6006441303143348,FANCJKO,antiparallel
40,-25.316455696202638,6.141372754527562,0.6146183496851308,FANCJKO,antiparallel
41,25.31645569620241,6.334516215744303,0.6130996935808367,FANCJKO,antiparallel
42,75.94936708860769,6.257135442062397,0.6053939920589125,FANCJKO,antiparallel
43,126.58227848101251,5.985936795756592,0.5695296265026454,FANCJKO,antiparallel
44,177.21518987341778,5.766787422181362,0.5165086545051314,FANCJKO,antiparallel
45,227.8481012658226,5.481717936439893,0.44258478737962975,FANCJKO,antiparallel
46,278.4810126582279,5.281667520404455,0.3953984119588811,FANCJKO,antiparallel
47,329.1139240506327,5.132214455007913,0.36255505166638796,FANCJKO,antiparallel
48,379.746835443038,5.100371958905785,0.35233670695097924,FANCJKO,antiparallel
49,430.37974683544326,5.099318430162781,0.3541876751310048,FANCJKO,antiparallel
50,481.0126582278481,5.023059136605381,0.34673392758139177,FANCJKO,antiparallel
51,531.6455696202534,4.948993593514855,0.3364433989581477,FANCJKO,antiparallel
52,582.2784810126582,4.964118652088725,0.33808874750719936,FANCJKO,antiparallel
53,632.9113924050635,4.900771559729505,0.3401926375495929,FANCJKO,antiparallel
54,683.5443037974683,4.789759836540886,0.33035720716105,FANCJKO,antiparallel
55,734.1772151898736,4.736619876573335,0.31707088725747434,FANCJKO,antiparallel
56,784.8101265822784,4.824676701703475,0.3262464681294301,FANCJKO,antiparallel
57,835.4430379746836,4.911609940758985,0.35147033137229866,FANCJKO,antiparallel
58,886.0759493670885,5.061824944791509,0.3867438764204639,FANCJKO,antiparallel
59,936.7088607594937,5.2219985091377845,0.40802365828364584,FANCJKO,antiparallel
60,987.3417721518986,5.300871688122773,0.4043156849180739,FANCJKO,antiparallel
61,1037.9746835443038,5.3035067716890305,0.37700195702494405,FANCJKO,antiparallel
62,1088.6075949367087,5.161894520127358,0.34546746115184096,FANCJKO,antiparallel
63,1139.240506329114,5.016563334995241,0.3182093452994571,FANCJKO,antiparallel
64,1189.8734177215188,4.865938787943095,0.3012865961518193,FANCJKO,antiparallel
65,1240.506329113924,4.851354254341837,0.2938302422437599,FANCJKO,antiparallel
66,1291.1392405063293,4.911670485399256,0.2965474810444588,FANCJKO,antiparallel
67,1341.7721518987341,5.054943086424871,0.32589712229876283,FANCJKO,antiparallel
68,1392.4050632911394,5.042065323448893,0.3489693240575569,FANCJKO,antiparallel
69,1443.0379746835442,4.980800281155762,0.3798669272293876,FANCJKO,antiparallel
70,1493.6708860759495,4.968853641460191,0.4090151995030036,FANCJKO,antiparallel
71,1544.3037974683543,5.05344951437006,0.46030169428894846,FANCJKO,antiparallel
72,1594.9367088607596,5.1442913752408765,0.5338161926864803,FANCJKO,antiparallel
73,1645.5696202531644,5.1384808746297566,0.5434061944882241,FANCJKO,antiparallel
74,1696.2025316455697,5.1027158698881445,0.521154449268227,FANCJKO,antiparallel
75,1746.8354430379745,5.056899864299973,0.49629928172224025,FANCJKO,antiparallel
76,1797.4683544303798,5.011999834122349,0.50197040866156,FANCJKO,antiparallel
77,1848.1012658227846,4.8563934981206165,0.48957036772030077,FANCJKO,antiparallel
78,1898.73417721519,4.769531260703927,0.4546924332088475,FANCJKO,antiparallel
79,1949.3670886075947,4.625663092311935,0.4140710220782718,FANCJKO,antiparallel
80,2000,4.514293465151716,0.3923751078744243,FANCJKO,antiparallel
1,-2000,5.0367877460975565,0.36826966175440334,FANCJKO,hybrid
2,-1949.367088607595,5.133351520305267,0.3799335274164839,FANCJKO,hybrid
3,-1898.73417721519,5.216753656940568,0.39172342299211227,FANCJKO,hybrid
4,-1848.1012658227849,5.201971920504831,0.3993645016801083,FANCJKO,hybrid
5,-1797.4683544303798,5.134299284805613,0.38452926927023073,FANCJKO,hybrid
6,-1746.8354430379748,5.102741155958562,0.3716312195482311,FANCJKO,hybrid
7,-1696.2025316455697,5.091736374016328,0.3569250813289591,FANCJKO,hybrid
8,-1645.5696202531644,5.065423426193261,0.3328769407537976,FANCJKO,hybrid
9,-1594.9367088607596,4.998575834628171,0.3107950709724132,FANCJKO,hybrid
10,-1544.3037974683543,4.861714835788147,0.28547127414095524,FANCJKO,hybrid
11,-1493.6708860759495,4.713090143560756,0.2558900583237727,FANCJKO,hybrid
12,-1443.0379746835442,4.606968884923638,0.24298641653133338,FANCJKO,hybrid
13,-1392.4050632911392,4.5399394781827285,0.24148451715052358,FANCJKO,hybrid
14,-1341.7721518987341,4.549967319361997,0.254275870168507,FANCJKO,hybrid
15,-1291.139240506329,4.533326627054269,0.2652908431401966,FANCJKO,hybrid
16,-1240.506329113924,4.447986286823248,0.25775428876160955,FANCJKO,hybrid
17,-1189.873417721519,4.369793949869087,0.24708507968771115,FANCJKO,hybrid
18,-1139.240506329114,4.342306320241698,0.2398942274775919,FANCJKO,hybrid
19,-1088.607594936709,4.329159377558783,0.2223132278620877,FANCJKO,hybrid
20,-1037.9746835443038,4.303664084653292,0.20570934269190622,FANCJKO,hybrid
21,-987.3417721518988,4.296839494700202,0.21231677871812293,FANCJKO,hybrid
22,-936.7088607594937,4.3678737589719585,0.22445159832158412,FANCJKO,hybrid
23,-886.0759493670887,4.437001575426843,0.2265479307686424,FANCJKO,hybrid
24,-835.4430379746836,4.566632571743076,0.22751997403908375,FANCJKO,hybrid
25,-784.8101265822784,4.728980169402657,0.24325830859578879,FANCJKO,hybrid
26,-734.1772151898733,4.959790888253926,0.2642257945585236,FANCJKO,hybrid
27,-683.5443037974683,5.1817767644021355,0.2866616691178716,FANCJKO,hybrid
28,-632.9113924050632,5.423293682479258,0.31160544134170565,FANCJKO,hybrid
29,-582.2784810126582,5.676623878583254,0.33820563196514064,FANCJKO,hybrid
30,-531.6455696202531,5.918761718895808,0.3723113412874281,FANCJKO,hybrid
31,-481.0126582278481,6.229434099191676,0.41658270839985984,FANCJKO,hybrid
32,-430.37974683544303,6.5366708569913685,0.48198903029816315,FANCJKO,hybrid
33,-379.746835443038,6.919219248139883,0.5543125318038755,FANCJKO,hybrid
34,-329.11392405063293,7.314105380363327,0.6169798459708373,FANCJKO,hybrid
35,-278.4810126582279,7.82386013278707,0.6751206406960741,FANCJKO,hybrid
36,-227.84810126582283,8.22096349983381,0.7202541642076444,FANCJKO,hybrid
37,-177.21518987341778,8.53328412881259,0.7331715023756389,FANCJKO,hybrid
38,-126.58227848101274,8.750807924356314,0.7292706097930077,FANCJKO,hybrid
39,-75.94936708860769,9.011699323179338,0.705078500860984,FANCJKO,hybrid
40,-25.316455696202638,9.100190033256455,0.6711890420054726,FANCJKO,hybrid
41,25.31645569620241,8.968697231594907,0.6406724139217845,FANCJKO,hybrid
42,75.94936708860769,8.669968120547674,0.609029768422004,FANCJKO,hybrid
43,126.58227848101251,8.423839748788287,0.5852790959344091,FANCJKO,hybrid
44,177.21518987341778,8.050987203745972,0.5432470694728689,FANCJKO,hybrid
45,227.8481012658226,7.573226741201402,0.49874120719700915,FANCJKO,hybrid
46,278.4810126582279,7.108223460600311,0.4553286688422781,FANCJKO,hybrid
47,329.1139240506327,6.795187192222393,0.42890765203829323,FANCJKO,hybrid
48,379.746835443038,6.5288504295671865,0.405949060266471,FANCJKO,hybrid
49,430.37974683544326,6.319913971355555,0.3836165215553117,FANCJKO,hybrid
50,481.0126582278481,6.182665942461414,0.38289607958214095,FANCJKO,hybrid
51,531.6455696202534,6.089591657009336,0.39472337828407267,FANCJKO,hybrid
52,582.2784810126582,6.042756439851908,0.41086390712797993,FANCJKO,hybrid
53,632.9113924050635,6.074388288062788,0.44846346903237594,FANCJKO,hybrid
54,683.5443037974683,6.136313736362349,0.5022981855569405,FANCJKO,hybrid
55,734.1772151898736,6.110173027325477,0.5489879830814751,FANCJKO,hybrid
56,784.8101265822784,6.089344038112894,0.57301464432836,FANCJKO,hybrid
57,835.4430379746836,6.023752763147089,0.5654517205903907,FANCJKO,hybrid
58,886.0759493670885,6.0025710619263535,0.5488157543320508,FANCJKO,hybrid
59,936.7088607594937,5.912472100950494,0.5146501131678132,FANCJKO,hybrid
60,987.3417721518986,5.897139045149668,0.470503755442071,FANCJKO,hybrid
61,1037.9746835443038,5.975855523076875,0.4774625483649802,FANCJKO,hybrid
62,1088.6075949367087,6.00182655018652,0.4878839545206367,FANCJKO,hybrid
63,1139.240506329114,5.996811634940849,0.49834823229857567,FANCJKO,hybrid
64,1189.8734177215188,6.069976275726934,0.5233351248478381,FANCJKO,hybrid
65,1240.506329113924,6.217884014271876,0.5362168924544388,FANCJKO,hybrid
66,1291.1392405063293,6.219578157083187,0.5224380179058914,FANCJKO,hybrid
67,1341.7721518987341,6.2183954239462835,0.5029767380007975,FANCJKO,hybrid
68,1392.4050632911394,6.104701950704312,0.46889659614830836,FANCJKO,hybrid
69,1443.0379746835442,6.040524402143856,0.4460658666875879,FANCJKO,hybrid
70,1493.6708860759495,6.008776150640166,0.4369905861032533,FANCJKO,hybrid
71,1544.3037974683543,5.9837803021952505,0.43009983745362684,FANCJKO,hybrid
72,1594.9367088607596,5.856606330951554,0.419835488406075,FANCJKO,hybrid
73,1645.5696202531644,5.633897880066937,0.3947350122029026,FANCJKO,hybrid
74,1696.2025316455697,5.540641491089655,0.3740192247645669,FANCJKO,hybrid
75,1746.8354430379745,5.451350174664237,0.35032178097615085,FANCJKO,hybrid
76,1797.4683544303798,5.453566905318994,0.36633775914388894,FANCJKO,hybrid
77,1848.1012658227846,5.423201721727795,0.3846497118711071,FANCJKO,hybrid
78,1898.73417721519,5.412351130861549,0.3939944631636928,FANCJKO,hybrid
79,1949.3670886075947,5.516074576819861,0.40863839425124737,FANCJKO,hybrid
80,2000,5.4878320686557975,0.4092455410733729,FANCJKO,hybrid
1,-2000,1.3332924397954529,0.012261430513364983,FANCJKO,none
2,-1949.367088607595,1.325751275937536,0.012138556420668719,FANCJKO,none
3,-1898.73417721519,1.315357954371705,0.012049964943272812,FANCJKO,none
4,-1848.1012658227849,1.308592360476993,0.011956526824693737,FANCJKO,none
5,-1797.4683544303798,1.3039041256511372,0.011863488843630192,FANCJKO,none
6,-1746.8354430379748,1.3043496163019708,0.011886171429702448,FANCJKO,none
7,-1696.2025316455697,1.306824526056369,0.011911148613317334,FANCJKO,none
8,-1645.5696202531644,1.3033735585031299,0.011988528453717898,FANCJKO,none
9,-1594.9367088607596,1.2973708356259932,0.011953979327038438,FANCJKO,none
10,-1544.3037974683543,1.2986993627559955,0.011942000023185802,FANCJKO,none
11,-1493.6708860759495,1.3075393583707606,0.01201019409598771,FANCJKO,none
12,-1443.0379746835442,1.3079062102642105,0.01200278974455909,FANCJKO,none
13,-1392.4050632911392,1.3052280263304243,0.011978636809547855,FANCJKO,none
14,-1341.7721518987341,1.3056796328466291,0.012033580708544324,FANCJKO,none
15,-1291.139240506329,1.3021455750757247,0.011963197857290504,FANCJKO,none
16,-1240.506329113924,1.3003914839470962,0.011933334323416325,FANCJKO,none
17,-1189.873417721519,1.3036955049552545,0.011866425562250227,FANCJKO,none
18,-1139.240506329114,1.3043590132919376,0.011871373160598855,FANCJKO,none
19,-1088.607594936709,1.3064635320069393,0.011944105559847061,FANCJKO,none
20,-1037.9746835443038,1.3066796091732675,0.011967231740666402,FANCJKO,none
21,-987.3417721518988,1.3099127381168865,0.011979034358097919,FANCJKO,none
22,-936.7088607594937,1.3067237058256755,0.011986825578474964,FANCJKO,none
23,-886.0759493670887,1.2995273159853469,0.012023657689986597,FANCJKO,none
24,-835.4430379746836,1.2955958085550456,0.011991469022677177,FANCJKO,none
25,-784.8101265822784,1.2943420498087541,0.011920271346647285,FANCJKO,none
26,-734.1772151898733,1.2961369465302606,0.011931018849488226,FANCJKO,none
27,-683.5443037974683,1.2945779337066659,0.012022797676251123,FANCJKO,none
28,-632.9113924050632,1.2942299487850897,0.011999144553309516,FANCJKO,none
29,-582.2784810126582,1.2941401854129637,0.011956511420548056,FANCJKO,none
30,-531.6455696202531,1.296455989039183,0.011882116928479836,FANCJKO,none
31,-481.0126582278481,1.2908672758082995,0.011790990377440766,FANCJKO,none
32,-430.37974683544303,1.2806502875099384,0.011664355392950543,FANCJKO,none
33,-379.746835443038,1.2923611200936518,0.011711752931127807,FANCJKO,none
34,-329.11392405063293,1.2952582396287118,0.011817665586307324,FANCJKO,none
35,-278.4810126582279,1.2994147849024789,0.011866494033355494,FANCJKO,none
36,-227.84810126582283,1.2956863424957525,0.011838451044840532,FANCJKO,none
37,-177.21518987341778,1.2978189128901556,0.01193212784502672,FANCJKO,none
38,-126.58227848101274,1.2994295291111508,0.012130814068853512,FANCJKO,none
39,-75.94936708860769,1.2962318888939346,0.012139207710110754,FANCJKO,none
40,-25.316455696202638,1.2941311068210983,0.012101305415905523,FANCJKO,none
41,25.31645569620241,1.296659280785461,0.011876148547238142,FANCJKO,none
42,75.94936708860769,1.3007776911838405,0.011816924327928517,FANCJKO,none
43,126.58227848101251,1.3067863413259142,0.011866606493936236,FANCJKO,none
44,177.21518987341778,1.3011744085412518,0.011963027889453588,FANCJKO,none
45,227.8481012658226,1.2988601584566297,0.012003550833657013,FANCJKO,none
46,278.4810126582279,1.2903996169136798,0.011951240323990335,FANCJKO,none
47,329.1139240506327,1.2827072118260496,0.011876292287080396,FANCJKO,none
48,379.746835443038,1.2805041962986734,0.011877123369951729,FANCJKO,none
49,430.37974683544326,1.2825152540947482,0.011920342956106944,FANCJKO,none
50,481.0126582278481,1.2840874946806486,0.01193384953423341,FANCJKO,none
51,531.6455696202534,1.285751173228509,0.011931019183906934,FANCJKO,none
52,582.2784810126582,1.2829857385977277,0.011866179770396298,FANCJKO,none
53,632.9113924050635,1.285670092288661,0.011871106493673834,FANCJKO,none
54,683.5443037974683,1.2895258484799097,0.011867249065489966,FANCJKO,none
55,734.1772151898736,1.2849133775352939,0.011782515555083098,FANCJKO,none
56,784.8101265822784,1.2838969055774216,0.011776363176901302,FANCJKO,none
57,835.4430379746836,1.2821346099217945,0.011771629655937239,FANCJKO,none
58,886.0759493670885,1.279109029449445,0.011758412692276442,FANCJKO,none
59,936.7088607594937,1.2791128043584192,0.011723153312200868,FANCJKO,none
60,987.3417721518986,1.2779803259154754,0.011676470208811898,FANCJKO,none
61,1037.9746835443038,1.280428651568686,0.0116780728245543,FANCJKO,none
62,1088.6075949367087,1.2889311785630708,0.011770325497628608,FANCJKO,none
63,1139.240506329114,1.3013543093535036,0.011881112444625622,FANCJKO,none
64,1189.8734177215188,1.3094909199792772,0.011920093046614682,FANCJKO,none
65,1240.506329113924,1.3076706004100611,0.011913272785689908,FANCJKO,none
66,1291.1392405063293,1.307016055754691,0.011902976659586603,FANCJKO,none
67,1341.7721518987341,1.305672213367585,0.011919428729864226,FANCJKO,none
68,1392.4050632911394,1.2989364345916983,0.011979463276627023,FANCJKO,none
69,1443.0379746835442,1.2966001383532904,0.01197033842921056,FANCJKO,none
70,1493.6708860759495,1.298027267441382,0.011983638446523956,FANCJKO,none
71,1544.3037974683543,1.3027760070318128,0.01207733408508544,FANCJKO,none
72,1594.9367088607596,1.3045869350230066,0.01199630834494915,FANCJKO,none
73,1645.5696202531644,1.305753912937245,0.012011147998168912,FANCJKO,none
74,1696.2025316455697,1.3074169553129469,0.011977591375211812,FANCJKO,none
75,1746.8354430379745,1.312857786948934,0.011900494193363465,FANCJKO,none
76,1797.4683544303798,1.3166306227771738,0.011966316799923445,FANCJKO,none
77,1848.1012658227846,1.3124448742836103,0.011879209816326097,FANCJKO,none
78,1898.73417721519,1.312869761384866,0.011864275722040038,FANCJKO,none
79,1949.3670886075947,1.3180726472452422,0.011987834720963497,FANCJKO,none
80,2000,1.3238042289627816,0.012133742465758102,FANCJKO,none
1,-2000,7.392621708250508,0.15878449443265766,dKO,parallel
2,-1949.367088607595,7.409282192889145,0.1565724657151188,dKO,parallel
3,-1898.73417721519,7.409835944965176,0.1552244114561223,dKO,parallel
4,-1848.1012658227849,7.417763944474765,0.15778488310346142,dKO,parallel
5,-1797.4683544303798,7.421445205576989,0.16209783204668232,dKO,parallel
6,-1746.8354430379748,7.443723018793671,0.16771070040473696,dKO,parallel
7,-1696.2025316455697,7.5250710092392605,0.17316773215365866,dKO,parallel
8,-1645.5696202531644,7.58248837266316,0.17390135683131397,dKO,parallel
9,-1594.9367088607596,7.655861149933935,0.1748370178391287,dKO,parallel
10,-1544.3037974683543,7.686343679206093,0.17273474547765,dKO,parallel
11,-1493.6708860759495,7.657802623828844,0.17108195934403683,dKO,parallel
12,-1443.0379746835442,7.686596801094695,0.1730396743261692,dKO,parallel
13,-1392.4050632911392,7.731355798145687,0.1760988483233311,dKO,parallel
14,-1341.7721518987341,7.811092212124512,0.1837247921045583,dKO,parallel
15,-1291.139240506329,7.865283301850308,0.1892577948858642,dKO,parallel
16,-1240.506329113924,7.917001712255084,0.18996052485751969,dKO,parallel
17,-1189.873417721519,7.887868025511227,0.185689151866084,dKO,parallel
18,-1139.240506329114,7.863263743942948,0.18344501533086974,dKO,parallel
19,-1088.607594936709,7.904615843871032,0.18575510080381893,dKO,parallel
20,-1037.9746835443038,7.938730736330007,0.18684029797411167,dKO,parallel
21,-987.3417721518988,7.973443535190704,0.18842534505372951,dKO,parallel
22,-936.7088607594937,8.011457296276868,0.18864218834736257,dKO,parallel
23,-886.0759493670887,8.01233824725023,0.18404132150267055,dKO,parallel
24,-835.4430379746836,8.00731026051314,0.17764300006982187,dKO,parallel
25,-784.8101265822784,8.082908371442706,0.17599223090907856,dKO,parallel
26,-734.1772151898733,8.196647831454822,0.1774958806719226,dKO,parallel
27,-683.5443037974683,8.26947065696047,0.17943413866048538,dKO,parallel
28,-632.9113924050632,8.36633063448947,0.1814088412371754,dKO,parallel
29,-582.2784810126582,8.480800077588368,0.18382887436130535,dKO,parallel
30,-531.6455696202531,8.657422777092288,0.18779339893584512,dKO,parallel
31,-481.0126582278481,8.811533323174215,0.19401770855656764,dKO,parallel
32,-430.37974683544303,9.015082206547543,0.2049691709395181,dKO,parallel
33,-379.746835443038,9.24265998418195,0.2140353878121526,dKO,parallel
34,-329.11392405063293,9.557153728962913,0.2254573211261264,dKO,parallel
35,-278.4810126582279,9.909104881044597,0.24180866742498766,dKO,parallel
36,-227.84810126582283,10.261022292556948,0.2600871873873087,dKO,parallel
37,-177.21518987341778,10.639596043721033,0.2815137409171629,dKO,parallel
38,-126.58227848101274,10.976203418830048,0.29671725931465537,dKO,parallel
39,-75.94936708860769,11.2380738264343,0.3043021203753242,dKO,parallel
40,-25.316455696202638,11.256239183479172,0.2980561998391938,dKO,parallel
41,25.31645569620241,11.08597980309426,0.2826616450851313,dKO,parallel
42,75.94936708860769,10.840522002746386,0.26334741309502063,dKO,parallel
43,126.58227848101251,10.62220323601772,0.2482676606368824,dKO,parallel
44,177.21518987341778,10.431098649745977,0.2388643409992674,dKO,parallel
45,227.8481012658226,10.171390254096343,0.2294022512498198,dKO,parallel
46,278.4810126582279,9.83923230269369,0.21850219036760382,dKO,parallel
47,329.1139240506327,9.5402179306911,0.21010530722886991,dKO,parallel
48,379.746835443038,9.298757983063393,0.20209069547609035,dKO,parallel
49,430.37974683544326,9.062510360609945,0.1920556032405728,dKO,parallel
50,481.0126582278481,8.842871062260777,0.1841100428920289,dKO,parallel
51,531.6455696202534,8.692028107287571,0.1818128806053958,dKO,parallel
52,582.2784810126582,8.58057504200069,0.18171998913435491,dKO,parallel
53,632.9113924050635,8.497104314398696,0.18243190999202538,dKO,parallel
54,683.5443037974683,8.364101470697493,0.18132038121997895,dKO,parallel
55,734.1772151898736,8.23088370945211,0.1775236530124178,dKO,parallel
56,784.8101265822784,8.149705518088473,0.1748648370625638,dKO,parallel
57,835.4430379746836,8.093074956865726,0.1737210472706788,dKO,parallel
58,886.0759493670885,8.026316924623753,0.17476873318274905,dKO,parallel
59,936.7088607594937,7.955747493473786,0.17845268627946903,dKO,parallel
60,987.3417721518986,7.937309767751924,0.18058314352116678,dKO,parallel
61,1037.9746835443038,7.949045890844694,0.18414315717541843,dKO,parallel
62,1088.6075949367087,7.885036037258143,0.18528990937390477,dKO,parallel
63,1139.240506329114,7.814615695905373,0.18578605895882674,dKO,parallel
64,1189.8734177215188,7.760852645513301,0.18560402369724105,dKO,parallel
65,1240.506329113924,7.753029159973448,0.18315123939584466,dKO,parallel
66,1291.1392405063293,7.730428825581808,0.17785901369004964,dKO,parallel
67,1341.7721518987341,7.709725224965207,0.1711976369975881,dKO,parallel
68,1392.4050632911394,7.6907027475802145,0.16619030089644635,dKO,parallel
69,1443.0379746835442,7.662412939807627,0.16600469450240526,dKO,parallel
70,1493.6708860759495,7.635112381519299,0.1689086847461569,dKO,parallel
71,1544.3037974683543,7.661175116460013,0.1753386108034941,dKO,parallel
72,1594.9367088607596,7.6300784480712185,0.17832819634676805,dKO,parallel
73,1645.5696202531644,7.566897260644048,0.17709692410463132,dKO,parallel
74,1696.2025316455697,7.5324097154810365,0.17377920633508656,dKO,parallel
75,1746.8354430379745,7.479388924836735,0.1695065304737501,dKO,parallel
76,1797.4683544303798,7.391787267320663,0.16683762691748935,dKO,parallel
77,1848.1012658227846,7.390732653876886,0.16750201123569783,dKO,parallel
78,1898.73417721519,7.478177955776056,0.17574897043935842,dKO,parallel
79,1949.3670886075947,7.546206978248006,0.18280100965869434,dKO,parallel
80,2000,7.524522558721294,0.1832166698751907,dKO,parallel
1,-2000,8.565514371940745,0.8306322703336042,dKO,antiparallel
2,-1949.367088607595,8.469324849227174,0.8039358029870366,dKO,antiparallel
3,-1898.73417721519,8.310761643388378,0.7454969352082916,dKO,antiparallel
4,-1848.1012658227849,8.087382623014166,0.6553575546348797,dKO,antiparallel
5,-1797.4683544303798,7.873248652617137,0.570412728947948,dKO,antiparallel
6,-1746.8354430379748,7.7069511924869385,0.5117005532734795,dKO,antiparallel
7,-1696.2025316455697,7.55163758665175,0.4922159732115497,dKO,antiparallel
8,-1645.5696202531644,7.381981160908789,0.48807210484015956,dKO,antiparallel
9,-1594.9367088607596,7.317066382435424,0.492613965931021,dKO,antiparallel
10,-1544.3037974683543,7.172524215815672,0.4791000499400394,dKO,antiparallel
11,-1493.6708860759495,7.101645036187338,0.4704024822400659,dKO,antiparallel
12,-1443.0379746835442,6.9427700698102885,0.44197796613089735,dKO,antiparallel
13,-1392.4050632911392,6.893320576813683,0.43399924223994596,dKO,antiparallel
14,-1341.7721518987341,6.943436747221211,0.42623425533519377,dKO,antiparallel
15,-1291.139240506329,6.864641551628635,0.41037956590283364,dKO,antiparallel
16,-1240.506329113924,6.892286177095489,0.4217392312640368,dKO,antiparallel
17,-1189.873417721519,6.947562013031831,0.42706222032764785,dKO,antiparallel
18,-1139.240506329114,6.958765608233599,0.4315063405439182,dKO,antiparallel
19,-1088.607594936709,6.859978164803329,0.4269085959543456,dKO,antiparallel
20,-1037.9746835443038,6.908776532182646,0.4219462613654983,dKO,antiparallel
21,-987.3417721518988,6.87354651436521,0.4108380234744003,dKO,antiparallel
22,-936.7088607594937,6.825827486636034,0.4194318617480685,dKO,antiparallel
23,-886.0759493670887,6.960953979445927,0.4375561045261221,dKO,antiparallel
24,-835.4430379746836,6.950600367767894,0.44906883565904004,dKO,antiparallel
25,-784.8101265822784,6.814068301569763,0.42382388265793375,dKO,antiparallel
26,-734.1772151898733,6.743803975123078,0.39146756021283985,dKO,antiparallel
27,-683.5443037974683,6.636146292133711,0.37063128706324394,dKO,antiparallel
28,-632.9113924050632,6.628929924144081,0.3706079706608699,dKO,antiparallel
29,-582.2784810126582,6.6448444753630245,0.37899482728194983,dKO,antiparallel
30,-531.6455696202531,6.572154376618305,0.39237552916885293,dKO,antiparallel
31,-481.0126582278481,6.5632937938585805,0.4047912430627546,dKO,antiparallel
32,-430.37974683544303,6.588174142163784,0.419222298048602,dKO,antiparallel
33,-379.746835443038,6.632258198999054,0.4347882073928481,dKO,antiparallel
34,-329.11392405063293,6.762455474008968,0.46967974162988846,dKO,antiparallel
35,-278.4810126582279,7.077273272800208,0.5438336863784853,dKO,antiparallel
36,-227.84810126582283,7.397000390202252,0.6011744111147717,dKO,antiparallel
37,-177.21518987341778,7.8647950324336096,0.6442463386303111,dKO,antiparallel
38,-126.58227848101274,8.230862634757266,0.6921259721145359,dKO,antiparallel
39,-75.94936708860769,8.57374241396681,0.7425351519861385,dKO,antiparallel
40,-25.316455696202638,8.901446719683225,0.7726189824578357,dKO,antiparallel
41,25.31645569620241,9.031349684892009,0.7779488097377731,dKO,antiparallel
42,75.94936708860769,8.984633642473032,0.7777840887971688,dKO,antiparallel
43,126.58227848101251,8.656214610714224,0.7432959031140037,dKO,antiparallel
44,177.21518987341778,8.258978851065708,0.6776412572124884,dKO,antiparallel
45,227.8481012658226,8.015383219471024,0.6042974132911241,dKO,antiparallel
46,278.4810126582279,7.708198356177676,0.5420087063740263,dKO,antiparallel
47,329.1139240506327,7.5143219413484506,0.5076083513832745,dKO,antiparallel
48,379.746835443038,7.574219675525504,0.4999300926587598,dKO,antiparallel
49,430.37974683544326,7.63071324922908,0.5117557575141384,dKO,antiparallel
50,481.0126582278481,7.556968247012713,0.5097637527097305,dKO,antiparallel
51,531.6455696202534,7.493533333570803,0.5078945998437239,dKO,antiparallel
52,582.2784810126582,7.5374072301518265,0.5163805510920276,dKO,antiparallel
53,632.9113924050635,7.454335533202584,0.5064684792568035,dKO,antiparallel
54,683.5443037974683,7.35064968072004,0.4868698888703288,dKO,antiparallel
55,734.1772151898736,7.272298125947886,0.47560897628995125,dKO,antiparallel
56,784.8101265822784,7.316373651650415,0.4863056324133109,dKO,antiparallel
57,835.4430379746836,7.442094976146423,0.5166285541654584,dKO,antiparallel
58,886.0759493670885,7.561002618108816,0.5379371094085473,dKO,antiparallel
59,936.7088607594937,7.720316087891213,0.5569191903449873,dKO,antiparallel
60,987.3417721518986,7.808180701381532,0.5528665542795042,dKO,antiparallel
61,1037.9746835443038,7.840314797613751,0.5253361150347083,dKO,antiparallel
62,1088.6075949367087,7.768268366515933,0.5080388149618844,dKO,antiparallel
63,1139.240506329114,7.654957369765239,0.47861051091543844,dKO,antiparallel
64,1189.8734177215188,7.549015437251893,0.4496856390038657,dKO,antiparallel
65,1240.506329113924,7.474882919515543,0.44157143360512846,dKO,antiparallel
66,1291.1392405063293,7.41609596201555,0.44524967006381083,dKO,antiparallel
67,1341.7721518987341,7.47694883309668,0.45987154861962365,dKO,antiparallel
68,1392.4050632911394,7.541931210211853,0.4769906907486564,dKO,antiparallel
69,1443.0379746835442,7.5938854259827835,0.5215949872664234,dKO,antiparallel
70,1493.6708860759495,7.677290142018997,0.5786738521755148,dKO,antiparallel
71,1544.3037974683543,7.684901033782247,0.674001708712774,dKO,antiparallel
72,1594.9367088607596,7.787774881507627,0.7913985030141405,dKO,antiparallel
73,1645.5696202531644,7.766671057109216,0.8151882398213398,dKO,antiparallel
74,1696.2025316455697,7.723410879791079,0.7925994599069783,dKO,antiparallel
75,1746.8354430379745,7.606211071450912,0.7405655271207088,dKO,antiparallel
76,1797.4683544303798,7.393880353671402,0.6883383320133074,dKO,antiparallel
77,1848.1012658227846,7.22933359250619,0.6556393735305995,dKO,antiparallel
78,1898.73417721519,7.263359339854017,0.6255059182013867,dKO,antiparallel
79,1949.3670886075947,7.124306436657313,0.5953956062369575,dKO,antiparallel
80,2000,6.996923213443946,0.5736606470663442,dKO,antiparallel
1,-2000,7.618827793227587,0.5015211479853595,dKO,hybrid
2,-1949.367088607595,7.759763635482999,0.515068250224706,dKO,hybrid
3,-1898.73417721519,7.927391838946004,0.5384768378527588,dKO,hybrid
4,-1848.1012658227849,7.977878609324116,0.5511713963536304,dKO,hybrid
5,-1797.4683544303798,7.98587985312164,0.5409307384571403,dKO,hybrid
6,-1746.8354430379748,7.954198975159616,0.5272495579579697,dKO,hybrid
7,-1696.2025316455697,7.948905184529576,0.5205727168753481,dKO,hybrid
8,-1645.5696202531644,7.8574516294744425,0.49922872780695937,dKO,hybrid
9,-1594.9367088607596,7.6780083553617535,0.4657262995022607,dKO,hybrid
10,-1544.3037974683543,7.4174965053270165,0.42280964620581835,dKO,hybrid
11,-1493.6708860759495,7.227490595480252,0.3791282840978388,dKO,hybrid
12,-1443.0379746835442,7.088666500152675,0.3604976000223111,dKO,hybrid
13,-1392.4050632911392,6.9577494700949645,0.3510963357740714,dKO,hybrid
14,-1341.7721518987341,6.9771083795949345,0.36333979972707015,dKO,hybrid
15,-1291.139240506329,6.994091872514883,0.37171873166072394,dKO,hybrid
16,-1240.506329113924,6.963112424080441,0.36779769587941213,dKO,hybrid
17,-1189.873417721519,6.8872935923676035,0.3541436366881406,dKO,hybrid
18,-1139.240506329114,6.833705088531017,0.339451731692431,dKO,hybrid
19,-1088.607594936709,6.886385271180065,0.32181154291334674,dKO,hybrid
20,-1037.9746835443038,6.901827294276695,0.30837853514140506,dKO,hybrid
21,-987.3417721518988,6.981835714200543,0.31775895525442727,dKO,hybrid
22,-936.7088607594937,6.965394839089443,0.32398186001429957,dKO,hybrid
23,-886.0759493670887,7.107480095663125,0.32595435114358107,dKO,hybrid
24,-835.4430379746836,7.314634359557673,0.33864129492150363,dKO,hybrid
25,-784.8101265822784,7.485576223104648,0.361224793698012,dKO,hybrid
26,-734.1772151898733,7.736728390598412,0.3836972725135798,dKO,hybrid
27,-683.5443037974683,8.091529545357,0.41088868543995366,dKO,hybrid
28,-632.9113924050632,8.366359166471357,0.44478126939368623,dKO,hybrid
29,-582.2784810126582,8.571392638058532,0.46637381114071724,dKO,hybrid
30,-531.6455696202531,8.909516094038679,0.5012510839029481,dKO,hybrid
31,-481.0126582278481,9.280198349519988,0.5598609618476061,dKO,hybrid
32,-430.37974683544303,9.802552503970398,0.6313478500116919,dKO,hybrid
33,-379.746835443038,10.31527897712748,0.7142043609266419,dKO,hybrid
34,-329.11392405063293,10.83862186406322,0.7908349585410558,dKO,hybrid
35,-278.4810126582279,11.568637200318685,0.8680962135878736,dKO,hybrid
36,-227.84810126582283,12.00685491814232,0.9093691934027756,dKO,hybrid
37,-177.21518987341778,12.34805750102474,0.9229867588252529,dKO,hybrid
38,-126.58227848101274,12.667969260896955,0.9211282528568316,dKO,hybrid
39,-75.94936708860769,12.93382266734167,0.9097997208702281,dKO,hybrid
40,-25.316455696202638,12.975098130791514,0.8761687278672685,dKO,hybrid
41,25.31645569620241,12.874734646160826,0.8511457276090889,dKO,hybrid
42,75.94936708860769,12.562311074411701,0.8168616621430999,dKO,hybrid
43,126.58227848101251,12.178857011336628,0.783503784594365,dKO,hybrid
44,177.21518987341778,11.635907744627293,0.7300133684838399,dKO,hybrid
45,227.8481012658226,11.139194651095586,0.6787628753750871,dKO,hybrid
46,278.4810126582279,10.60254913745222,0.6291434812871158,dKO,hybrid
47,329.1139240506327,10.151000817022698,0.5826595109094815,dKO,hybrid
48,379.746835443038,9.799261971889552,0.5353611382528436,dKO,hybrid
49,430.37974683544326,9.635547521095784,0.509315159387744,dKO,hybrid
50,481.0126582278481,9.497957207872398,0.5087600846248163,dKO,hybrid
51,531.6455696202534,9.360108322899439,0.524506894458486,dKO,hybrid
52,582.2784810126582,9.232535795332893,0.5398808141186207,dKO,hybrid
53,632.9113924050635,9.210933209123208,0.5705086440832867,dKO,hybrid
54,683.5443037974683,9.205572441196898,0.6202597969178592,dKO,hybrid
55,734.1772151898736,9.075899371252548,0.6606610938052714,dKO,hybrid
56,784.8101265822784,9.048511961491817,0.7081426523906111,dKO,hybrid
57,835.4430379746836,9.01232067517086,0.7104796401851704,dKO,hybrid
58,886.0759493670885,8.962320256313902,0.7020640049605607,dKO,hybrid
59,936.7088607594937,8.8157139772075,0.6589734487182439,dKO,hybrid
60,987.3417721518986,8.795583577699453,0.6173068175039675,dKO,hybrid
61,1037.9746835443038,8.929836783532648,0.6332957760230236,dKO,hybrid
62,1088.6075949367087,8.963104296924469,0.6469312367295698,dKO,hybrid
63,1139.240506329114,8.94646547721724,0.6608486623321358,dKO,hybrid
64,1189.8734177215188,9.08698867105945,0.7015370434890427,dKO,hybrid
65,1240.506329113924,9.270879681365296,0.7287754258149629,dKO,hybrid
66,1291.1392405063293,9.289799944134165,0.7290722087442212,dKO,hybrid
67,1341.7721518987341,9.289131259067789,0.7091860386190866,dKO,hybrid
68,1392.4050632911394,9.145762332299043,0.6684734632991451,dKO,hybrid
69,1443.0379746835442,9.074391945540887,0.6472384761839435,dKO,hybrid
70,1493.6708860759495,9.14205613124367,0.6476101693569473,dKO,hybrid
71,1544.3037974683543,9.11704401545269,0.6381639629758954,dKO,hybrid
72,1594.9367088607596,8.94698870826246,0.6140425058581186,dKO,hybrid
73,1645.5696202531644,8.686163500806249,0.5616449021900918,dKO,hybrid
74,1696.2025316455697,8.72518139824106,0.54646026780332,dKO,hybrid
75,1746.8354430379745,8.649929652195485,0.5189240894406617,dKO,hybrid
76,1797.4683544303798,8.676049237495484,0.5341984455016715,dKO,hybrid
77,1848.1012658227846,8.644144265461767,0.54277646239969,dKO,hybrid
78,1898.73417721519,8.57753094200461,0.5490539631344521,dKO,hybrid
79,1949.3670886075947,8.524340373566494,0.5466904676041211,dKO,hybrid
80,2000,8.424104610445543,0.5331573369378372,dKO,hybrid
1,-2000,1.6387865911556114,0.015612850671351758,dKO,none
2,-1949.367088607595,1.6256590449978898,0.015336993938258993,dKO,none
3,-1898.73417721519,1.6125520243719411,0.015195528954191769,dKO,none
4,-1848.1012658227849,1.601563060460534,0.015234798326059184,dKO,none
5,-1797.4683544303798,1.5905977140720944,0.015140926403650392,dKO,none
6,-1746.8354430379748,1.5871787789460996,0.015115554880445652,dKO,none
7,-1696.2025316455697,1.5755542293507288,0.015039707506624991,dKO,none
8,-1645.5696202531644,1.5648222689301532,0.015041667815638992,dKO,none
9,-1594.9367088607596,1.5622980699444746,0.015003143122622072,dKO,none
10,-1544.3037974683543,1.5665090774918904,0.015040658913699894,dKO,none
11,-1493.6708860759495,1.562916461687247,0.01505151767561388,dKO,none
12,-1443.0379746835442,1.5614396218737059,0.014951179481289285,dKO,none
13,-1392.4050632911392,1.573120005583755,0.015079371303674191,dKO,none
14,-1341.7721518987341,1.5780198063957114,0.015031640289894125,dKO,none
15,-1291.139240506329,1.572997373765062,0.014979674608906549,dKO,none
16,-1240.506329113924,1.567653742275556,0.015000659670954299,dKO,none
17,-1189.873417721519,1.5701995654529781,0.015076525548438526,dKO,none
18,-1139.240506329114,1.5786237352823562,0.015161294814803059,dKO,none
19,-1088.607594936709,1.5883667474383674,0.015250518055817995,dKO,none
20,-1037.9746835443038,1.5907381125014006,0.015280625795726093,dKO,none
21,-987.3417721518988,1.5900928004328752,0.01511669514573882,dKO,none
22,-936.7088607594937,1.5899981154231293,0.014918379068045507,dKO,none
23,-886.0759493670887,1.5854862317348521,0.014784856608007395,dKO,none
24,-835.4430379746836,1.5804172308373214,0.014724854520956374,dKO,none
25,-784.8101265822784,1.5750987507716727,0.014958520645277546,dKO,none
26,-734.1772151898733,1.5675113970120642,0.01499282903508911,dKO,none
27,-683.5443037974683,1.561822057034754,0.014884322660843451,dKO,none
28,-632.9113924050632,1.5528973218774427,0.014745203884639615,dKO,none
29,-582.2784810126582,1.5509123952377826,0.01472977737430971,dKO,none
30,-531.6455696202531,1.5545900579899419,0.014819450064306123,dKO,none
31,-481.0126582278481,1.5521442940472303,0.014963883785410574,dKO,none
32,-430.37974683544303,1.5552731635729258,0.014920050480219809,dKO,none
33,-379.746835443038,1.5556828696479916,0.014997046139558575,dKO,none
34,-329.11392405063293,1.56217214083098,0.015041857182171625,dKO,none
35,-278.4810126582279,1.5611157037440038,0.014986905746470535,dKO,none
36,-227.84810126582283,1.5562363674477655,0.014832754633808782,dKO,none
37,-177.21518987341778,1.5572819840148002,0.01481294547467139,dKO,none
38,-126.58227848101274,1.5608680930573549,0.014896836736972886,dKO,none
39,-75.94936708860769,1.5596556821175172,0.014950575393306431,dKO,none
40,-25.316455696202638,1.5637756143964563,0.014971567827469863,dKO,none
41,25.31645569620241,1.5583484615648409,0.014943735875194621,dKO,none
42,75.94936708860769,1.5625228660281931,0.014846816428982012,dKO,none
43,126.58227848101251,1.5564603036435722,0.014740529991569455,dKO,none
44,177.21518987341778,1.5579972279076344,0.014858687343708035,dKO,none
45,227.8481012658226,1.5540531725153048,0.014907311590107719,dKO,none
46,278.4810126582279,1.564325803879538,0.015064806631381739,dKO,none
47,329.1139240506327,1.5609335515952902,0.015050064829217998,dKO,none
48,379.746835443038,1.5600858341935524,0.01498575414565523,dKO,none
49,430.37974683544326,1.5511824670309613,0.014794794801946527,dKO,none
50,481.0126582278481,1.5411090533212353,0.014570958417155654,dKO,none
51,531.6455696202534,1.5352037348880643,0.014682630409554233,dKO,none
52,582.2784810126582,1.5343071623016047,0.014752897227918378,dKO,none
53,632.9113924050635,1.5435012313451786,0.014711739836018471,dKO,none
54,683.5443037974683,1.5569820762160802,0.014800904818379527,dKO,none
55,734.1772151898736,1.5681553911959496,0.01481581328015353,dKO,none
56,784.8101265822784,1.5631618064563653,0.014846589283979294,dKO,none
57,835.4430379746836,1.5523589833494773,0.014903988388666634,dKO,none
58,886.0759493670885,1.5522354706769237,0.014947103816933685,dKO,none
59,936.7088607594937,1.5555110849654419,0.014920785513700881,dKO,none
60,987.3417721518986,1.5547132540507325,0.014867565602212009,dKO,none
61,1037.9746835443038,1.5531075634127216,0.014768822291427732,dKO,none
62,1088.6075949367087,1.5567499125941535,0.014805092859021683,dKO,none
63,1139.240506329114,1.5608485785015107,0.014812966915722727,dKO,none
64,1189.8734177215188,1.5645773527303424,0.014884583161245843,dKO,none
65,1240.506329113924,1.5631326177207445,0.014896553076555635,dKO,none
66,1291.1392405063293,1.5650030551219234,0.014839230381871786,dKO,none
67,1341.7721518987341,1.561295859600642,0.014811811606090708,dKO,none
68,1392.4050632911394,1.5575814118912465,0.014766188148324694,dKO,none
69,1443.0379746835442,1.5574726773105478,0.014822558027426205,dKO,none
70,1493.6708860759495,1.5586047335477755,0.014795731133890197,dKO,none
71,1544.3037974683543,1.5616885888275316,0.014806169785124895,dKO,none
72,1594.9367088607596,1.5744672866178142,0.014891195129844948,dKO,none
73,1645.5696202531644,1.577270270691791,0.014944061353131062,dKO,none
74,1696.2025316455697,1.5810928894265248,0.015104959492048122,dKO,none
75,1746.8354430379745,1.5882006684203829,0.015095314060802053,dKO,none
76,1797.4683544303798,1.596915932342085,0.015074990004050461,dKO,none
77,1848.1012658227846,1.6021623468770936,0.015156793079529843,dKO,none
78,1898.73417721519,1.6125937723247505,0.015156962291644913,dKO,none
79,1949.3670886075947,1.6124911896347185,0.015196140498650814,dKO,none
80,2000,1.6197128447574485,0.015426047017011996,dKO,none
