bin,position,mean,sem,genotype,class2,n_peaks,class_label
1,-2000,2.009021225298544,0.04037197402167706,WT,unclassified,16000,No canonical PQS
2,-1949.367088607595,2.0052175628210107,0.04004090526254934,WT,unclassified,16000,No canonical PQS
3,-1898.73417721519,1.9972556040612857,0.03874493906238626,WT,unclassified,16000,No canonical PQS
4,-1848.1012658227849,1.9819839979655047,0.03702593306626883,WT,unclassified,16000,No canonical PQS
5,-1797.4683544303798,1.95968813755249,0.035599043840514606,WT,unclassified,16000,No canonical PQS
6,-1746.8354430379748,1.9469030555438003,0.03467976112449779,WT,unclassified,16000,No canonical PQS
7,-1696.2025316455697,1.938353284643193,0.03450025400225547,WT,unclassified,16000,No canonical PQS
8,-1645.5696202531644,1.9253422946242988,0.0344699060435159,WT,unclassified,16000,No canonical PQS
9,-1594.9367088607596,1.9134112606440485,0.034931686974885315,WT,unclassified,16000,No canonical PQS
10,-1544.3037974683543,1.9036728817124169,0.03483696388955634,WT,unclassified,16000,No canonical PQS
11,-1493.6708860759495,1.9144523543939989,0.03487838379764877,WT,unclassified,16000,No canonical PQS
12,-1443.0379746835442,1.9038780329275131,0.033937680456609796,WT,unclassified,16000,No canonical PQS
13,-1392.4050632911392,1.879556735451917,0.0324332783541251,WT,unclassified,16000,No canonical PQS
14,-1341.7721518987341,1.8590413489278654,0.031195726436231162,WT,unclassified,16000,No canonical PQS
15,-1291.139240506329,1.8334009112053116,0.02972425019035713,WT,unclassified,16000,No canonical PQS
16,-1240.506329113924,1.8215354871914287,0.030179505463886893,WT,unclassified,16000,No canonical PQS
17,-1189.873417721519,1.809180752580315,0.030075404104939113,WT,unclassified,16000,No canonical PQS
18,-1139.240506329114,1.7821079278204341,0.027714396103903548,WT,unclassified,16000,No canonical PQS
19,-1088.607594936709,1.751265254128476,0.026224153871011846,WT,unclassified,16000,No canonical PQS
20,-1037.9746835443038,1.7148433603770534,0.024124376612307787,WT,unclassified,16000,No canonical PQS
21,-987.3417721518988,1.6628403389662505,0.021928911353098983,WT,unclassified,16000,No canonical PQS
22,-936.7088607594937,1.622927162720263,0.02077895616720124,WT,unclassified,16000,No canonical PQS
23,-886.0759493670887,1.589044195951273,0.019375144124589617,WT,unclassified,16000,No canonical PQS
24,-835.4430379746836,1.563470214514782,0.017309083014300654,WT,unclassified,16000,No canonical PQS
25,-784.8101265822784,1.5753756769459943,0.016607692080235253,WT,unclassified,16000,No canonical PQS
26,-734.1772151898733,1.6007600632431607,0.016767582280905743,WT,unclassified,16000,No canonical PQS
27,-683.5443037974683,1.655808018111388,0.018158050519437745,WT,unclassified,16000,No canonical PQS
28,-632.9113924050632,1.7622780575312673,0.020575096973862728,WT,unclassified,16000,No canonical PQS
29,-582.2784810126582,1.9135244679918886,0.023005493634845935,WT,unclassified,16000,No canonical PQS
30,-531.6455696202531,2.130681609140436,0.02530281274381774,WT,unclassified,16000,No canonical PQS
31,-481.0126582278481,2.445201422673017,0.028452389205758256,WT,unclassified,16000,No canonical PQS
32,-430.37974683544303,2.8494827038576207,0.033229459662691724,WT,unclassified,16000,No canonical PQS
33,-379.746835443038,3.361938536326587,0.03823910188303243,WT,unclassified,16000,No canonical PQS
34,-329.11392405063293,3.9958225131660203,0.043146099837424186,WT,unclassified,16000,No canonical PQS
35,-278.4810126582279,4.752004692756087,0.04760702312565181,WT,unclassified,16000,No canonical PQS
36,-227.84810126582283,5.630116823760718,0.05187583166350514,WT,unclassified,16000,No canonical PQS
37,-177.21518987341778,6.522930726010899,0.056531392738100296,WT,unclassified,16000,No canonical PQS
38,-126.58227848101274,7.294757964572211,0.0594854932342976,WT,unclassified,16000,No canonical PQS
39,-75.94936708860769,7.875544543255617,0.06248436348033892,WT,unclassified,16000,No canonical PQS
40,-25.316455696202638,8.180950022156189,0.06474755369498651,WT,unclassified,16000,No canonical PQS
41,25.31645569620241,8.174887071050554,0.06437961128317565,WT,unclassified,16000,No canonical PQS
42,75.94936708860769,7.8808115743448335,0.06217217806265644,WT,unclassified,16000,No canonical PQS
43,126.58227848101251,7.304962373648335,0.05835588628655063,WT,unclassified,16000,No canonical PQS
44,177.21518987341778,6.532328498847186,0.05387003377843681,WT,unclassified,16000,No canonical PQS
45,227.8481012658226,5.663297041918685,0.04949144102429481,WT,unclassified,16000,No canonical PQS
46,278.4810126582279,4.806915570662319,0.04558604442314015,WT,unclassified,16000,No canonical PQS
47,329.1139240506327,4.033293738571058,0.04112599269328743,WT,unclassified,16000,No canonical PQS
48,379.746835443038,3.3751776250885923,0.035806617024671514,WT,unclassified,16000,No canonical PQS
49,430.37974683544326,2.839428590876013,0.030362607881054344,WT,unclassified,16000,No canonical PQS
50,481.0126582278481,2.429411939872255,0.026046604884687952,WT,unclassified,16000,No canonical PQS
51,531.6455696202534,2.128076244371633,0.022747400772744186,WT,unclassified,16000,No canonical PQS
52,582.2784810126582,1.909480302051256,0.020308278823185064,WT,unclassified,16000,No canonical PQS
53,632.9113924050635,1.7496790377620857,0.017765603185736445,WT,unclassified,16000,No canonical PQS
54,683.5443037974683,1.6580142435138425,0.016370381608597228,WT,unclassified,16000,No canonical PQS
55,734.1772151898736,1.6056009726768234,0.015899654569811315,WT,unclassified,16000,No canonical PQS
56,784.8101265822784,1.5938050592898827,0.01632803740683306,WT,unclassified,16000,No canonical PQS
57,835.4430379746836,1.599094316058457,0.01757234423820894,WT,unclassified,16000,No canonical PQS
58,886.0759493670885,1.6078050802577535,0.018598603301147695,WT,unclassified,16000,No canonical PQS
59,936.7088607594937,1.6303756906806925,0.020363699415451193,WT,unclassified,16000,No canonical PQS
60,987.3417721518986,1.670070965847373,0.022530489063188698,WT,unclassified,16000,No canonical PQS
61,1037.9746835443038,1.6997461500313382,0.023971655913139527,WT,unclassified,16000,No canonical PQS
62,1088.6075949367087,1.7385307457225025,0.02626893271744045,WT,unclassified,16000,No canonical PQS
63,1139.240506329114,1.787253841317147,0.029895438904708346,WT,unclassified,16000,No canonical PQS
64,1189.8734177215188,1.825104706097444,0.032573891572492776,WT,unclassified,16000,No canonical PQS
65,1240.506329113924,1.8509223769878844,0.035339978708468514,WT,unclassified,16000,No canonical PQS
66,1291.1392405063293,1.8808853013451894,0.039829410258237205,WT,unclassified,16000,No canonical PQS
67,1341.7721518987341,1.9229852732256552,0.04339681486209309,WT,unclassified,16000,No canonical PQS
68,1392.4050632911394,1.9544736281131705,0.044877140918437454,WT,unclassified,16000,No canonical PQS
69,1443.0379746835442,1.9867733049744865,0.04434091441098155,WT,unclassified,16000,No canonical PQS
70,1493.6708860759495,1.9966791572003066,0.041632598700451884,WT,unclassified,16000,No canonical PQS
71,1544.3037974683543,2.010454701257249,0.03994070939205925,WT,unclassified,16000,No canonical PQS
72,1594.9367088607596,2.0241923696520923,0.039747385450800164,WT,unclassified,16000,No canonical PQS
73,1645.5696202531644,2.028046159575333,0.03943133473962294,WT,unclassified,16000,No canonical PQS
74,1696.2025316455697,2.040269309721639,0.0394564509848755,WT,unclassified,16000,No canonical PQS
75,1746.8354430379745,2.0551483842808507,0.040698791698750805,WT,unclassified,16000,No canonical PQS
76,1797.4683544303798,2.069134304168373,0.043489703786525356,WT,unclassified,16000,No canonical PQS
77,1848.1012658227846,2.085316282191823,0.04606688917532321,WT,unclassified,16000,No canonical PQS
78,1898.73417721519,2.0770278902923067,0.046856512257344,WT,unclassified,16000,No canonical PQS
79,1949.3670886075947,2.0678272338860233,0.04558072544772734,WT,unclassified,16000,No canonical PQS
80,2000,2.052531007950902,0.04364300124283262,WT,unclassified,16000,No canonical PQS
1,-2000,2.528197513351937,0.04326985504531823,WT,classified,16000,Classified (P/AP/H)
2,-1949.367088607595,2.5176874961901703,0.04395666812904879,WT,classified,16000,Classified (P/AP/H)
3,-1898.73417721519,2.519207018133501,0.04403409326058834,WT,classified,16000,Classified (P/AP/H)
4,-1848.1012658227849,2.508323613518874,0.04260093372989267,WT,classified,16000,Classified (P/AP/H)
5,-1797.4683544303798,2.4900342396081485,0.04144233660268544,WT,classified,16000,Classified (P/AP/H)
6,-1746.8354430379748,2.4694795210244753,0.041455523291897826,WT,classified,16000,Classified (P/AP/H)
7,-1696.2025316455697,2.4525383053642016,0.04122174845116761,WT,classified,16000,Classified (P/AP/H)
8,-1645.5696202531644,2.433046912436982,0.039565950353042174,WT,classified,16000,Classified (P/AP/H)
9,-1594.9367088607596,2.403880027106007,0.03793417013718954,WT,classified,16000,Classified (P/AP/H)
10,-1544.3037974683543,2.381025459949126,0.036967683880993016,WT,classified,16000,Classified (P/AP/H)
11,-1493.6708860759495,2.3753548154958586,0.03675584626075375,WT,classified,16000,Classified (P/AP/H)
12,-1443.0379746835442,2.37663031017522,0.03660409914353999,WT,classified,16000,Classified (P/AP/H)
13,-1392.4050632911392,2.375568418515722,0.03622579719002759,WT,classified,16000,Classified (P/AP/H)
14,-1341.7721518987341,2.38284357508565,0.03637442343350094,WT,classified,16000,Classified (P/AP/H)
15,-1291.139240506329,2.393114163059046,0.036079144731789144,WT,classified,16000,Classified (P/AP/H)
16,-1240.506329113924,2.4045848636924725,0.03526913447209076,WT,classified,16000,Classified (P/AP/H)
17,-1189.873417721519,2.424675857455929,0.03438479025436113,WT,classified,16000,Classified (P/AP/H)
18,-1139.240506329114,2.444184469539573,0.033964647418598184,WT,classified,16000,Classified (P/AP/H)
19,-1088.607594936709,2.472472752605577,0.03415591061949079,WT,classified,16000,Classified (P/AP/H)
20,-1037.9746835443038,2.5085230103677016,0.03420660026045894,WT,classified,16000,Classified (P/AP/H)
21,-987.3417721518988,2.5698218814525506,0.035036241651680004,WT,classified,16000,Classified (P/AP/H)
22,-936.7088607594937,2.6579012676808733,0.03788111860644595,WT,classified,16000,Classified (P/AP/H)
23,-886.0759493670887,2.7733080579975744,0.043505891815528365,WT,classified,16000,Classified (P/AP/H)
24,-835.4430379746836,2.9226994826203585,0.05002023332200149,WT,classified,16000,Classified (P/AP/H)
25,-784.8101265822784,3.131101931262016,0.05730666141724451,WT,classified,16000,Classified (P/AP/H)
26,-734.1772151898733,3.369796197581987,0.06377473053320874,WT,classified,16000,Classified (P/AP/H)
27,-683.5443037974683,3.6848828938376905,0.07168738034591628,WT,classified,16000,Classified (P/AP/H)
28,-632.9113924050632,4.053883281748096,0.07922935101161481,WT,classified,16000,Classified (P/AP/H)
29,-582.2784810126582,4.476960195991496,0.08365493790225684,WT,classified,16000,Classified (P/AP/H)
30,-531.6455696202531,4.96197463968426,0.08555497015922171,WT,classified,16000,Classified (P/AP/H)
31,-481.0126582278481,5.529875511525919,0.08871783007765305,WT,classified,16000,Classified (P/AP/H)
32,-430.37974683544303,6.177129835600009,0.09289295177624667,WT,classified,16000,Classified (P/AP/H)
33,-379.746835443038,6.888592385610938,0.09750644043026199,WT,classified,16000,Classified (P/AP/H)
34,-329.11392405063293,7.6749091175488635,0.1014598578998517,WT,classified,16000,Classified (P/AP/H)
35,-278.4810126582279,8.505137388218046,0.10476930254290748,WT,classified,16000,Classified (P/AP/H)
36,-227.84810126582283,9.353825293874344,0.10631633277105966,WT,classified,16000,Classified (P/AP/H)
37,-177.21518987341778,10.194279950161775,0.10783997816880068,WT,classified,16000,Classified (P/AP/H)
38,-126.58227848101274,10.956932244374157,0.11132500415096036,WT,classified,16000,Classified (P/AP/H)
39,-75.94936708860769,11.516933820673426,0.11388599854973377,WT,classified,16000,Classified (P/AP/H)
40,-25.316455696202638,11.800917270388604,0.11598339880668054,WT,classified,16000,Classified (P/AP/H)
41,25.31645569620241,11.819057458886604,0.1188665192955009,WT,classified,16000,Classified (P/AP/H)
42,75.94936708860769,11.552885349954218,0.12074448091553966,WT,classified,16000,Classified (P/AP/H)
43,126.58227848101251,10.999480730165194,0.12113632438295913,WT,classified,16000,Classified (P/AP/H)
44,177.21518987341778,10.264980754953871,0.1206837150017826,WT,classified,16000,Classified (P/AP/H)
45,227.8481012658226,9.408831045579065,0.11758101254474403,WT,classified,16000,Classified (P/AP/H)
46,278.4810126582279,8.495556724855453,0.11095170708042007,WT,classified,16000,Classified (P/AP/H)
47,329.1139240506327,7.590176517084986,0.10249744705596214,WT,classified,16000,Classified (P/AP/H)
48,379.746835443038,6.776167676520795,0.09436959299212311,WT,classified,16000,Classified (P/AP/H)
49,430.37974683544326,6.054441594400009,0.0855286033592517,WT,classified,16000,Classified (P/AP/H)
50,481.0126582278481,5.403447348227997,0.07796923944532085,WT,classified,16000,Classified (P/AP/H)
51,531.6455696202534,4.848293830854346,0.07250403501987739,WT,classified,16000,Classified (P/AP/H)
52,582.2784810126582,4.373792515562376,0.06724306062983108,WT,classified,16000,Classified (P/AP/H)
53,632.9113924050635,3.965787260504017,0.060591303384092576,WT,classified,16000,Classified (P/AP/H)
54,683.5443037974683,3.6140259111453594,0.0541331656393994,WT,classified,16000,Classified (P/AP/H)
55,734.1772151898736,3.3320980700626475,0.0487618398853888,WT,classified,16000,Classified (P/AP/H)
56,784.8101265822784,3.1015734736212095,0.04494464202105298,WT,classified,16000,Classified (P/AP/H)
57,835.4430379746836,2.909848430667619,0.04317486475060824,WT,classified,16000,Classified (P/AP/H)
58,886.0759493670885,2.7576288581691184,0.04301604349956662,WT,classified,16000,Classified (P/AP/H)
59,936.7088607594937,2.6492280599261324,0.042890836808416585,WT,classified,16000,Classified (P/AP/H)
60,987.3417721518986,2.577546596469432,0.042565935247364975,WT,classified,16000,Classified (P/AP/H)
61,1037.9746835443038,2.51521546833843,0.041242911094506875,WT,classified,16000,Classified (P/AP/H)
62,1088.6075949367087,2.4751495525871716,0.03902382220032668,WT,classified,16000,Classified (P/AP/H)
63,1139.240506329114,2.426976329214126,0.03708320475011004,WT,classified,16000,Classified (P/AP/H)
64,1189.8734177215188,2.4078816808528702,0.03642430456113446,WT,classified,16000,Classified (P/AP/H)
65,1240.506329113924,2.3963064724114536,0.036179604425614756,WT,classified,16000,Classified (P/AP/H)
66,1291.1392405063293,2.401308132514159,0.03635656587145234,WT,classified,16000,Classified (P/AP/H)
67,1341.7721518987341,2.410864001985441,0.03652864305052294,WT,classified,16000,Classified (P/AP/H)
68,1392.4050632911394,2.4145739837658904,0.03716517842983021,WT,classified,16000,Classified (P/AP/H)
69,1443.0379746835442,2.421208130807181,0.03907687214896388,WT,classified,16000,Classified (P/AP/H)
70,1493.6708860759495,2.4423979821402333,0.041018550962305375,WT,classified,16000,Classified (P/AP/H)
71,1544.3037974683543,2.467604341559857,0.042656088595573814,WT,classified,16000,Classified (P/AP/H)
72,1594.9367088607596,2.4788456471559406,0.043579730905204894,WT,classified,16000,Classified (P/AP/H)
73,1645.5696202531644,2.4916011040941872,0.04412593433666392,WT,classified,16000,Classified (P/AP/H)
74,1696.2025316455697,2.504861097385685,0.0440054612731566,WT,classified,16000,Classified (P/AP/H)
75,1746.8354430379745,2.515967252831558,0.043491780211507874,WT,classified,16000,Classified (P/AP/H)
76,1797.4683544303798,2.528314167093883,0.04226173636875033,WT,classified,16000,Classified (P/AP/H)
77,1848.1012658227846,2.5387576423065363,0.041053692487990734,WT,classified,16000,Classified (P/AP/H)
78,1898.73417721519,2.5456685053391754,0.042116223716321795,WT,classified,16000,Classified (P/AP/H)
79,1949.3670886075947,2.5658834477398296,0.043716088223377636,WT,classified,16000,Classified (P/AP/H)
80,2000,2.583126678882738,0.045399140128535354,WT,classified,16000,Classified (P/AP/H)
1,-2000,3.1497869959234697,0.05923211141898848,DHX36KO,unclassified,16000,No canonical PQS
2,-1949.367088607595,3.141149296590934,0.05804423735256349,DHX36KO,unclassified,16000,No canonical PQS
3,-1898.73417721519,3.1324205776572724,0.05685549783189503,DHX36KO,unclassified,16000,No canonical PQS
4,-1848.1012658227849,3.1290468194444476,0.05540750332916616,DHX36KO,unclassified,16000,No canonical PQS
5,-1797.4683544303798,3.109970031714787,0.05385767285914874,DHX36KO,unclassified,16000,No canonical PQS
6,-1746.8354430379748,3.084493822321395,0.052648180913421556,DHX36KO,unclassified,16000,No canonical PQS
7,-1696.2025316455697,3.0598381378068527,0.05187139878801367,DHX36KO,unclassified,16000,No canonical PQS
8,-1645.5696202531644,3.0486157049438356,0.05175932616248669,DHX36KO,unclassified,16000,No canonical PQS
9,-1594.9367088607596,3.031089088440736,0.05224920644281552,DHX36KO,unclassified,16000,No canonical PQS
10,-1544.3037974683543,3.014763442136993,0.05205382678401175,DHX36KO,unclassified,16000,No canonical PQS
11,-1493.6708860759495,3.0070092323312165,0.0514078995920464,DHX36KO,unclassified,16000,No canonical PQS
12,-1443.0379746835442,2.979643982364635,0.0497944721631881,DHX36KO,unclassified,16000,No canonical PQS
13,-1392.4050632911392,2.948481814720531,0.04749693707671824,DHX36KO,unclassified,16000,No canonical PQS
14,-1341.7721518987341,2.92626265286083,0.045737897798371424,DHX36KO,unclassified,16000,No canonical PQS
15,-1291.139240506329,2.910403817385733,0.04446488837187152,DHX36KO,unclassified,16000,No canonical PQS
16,-1240.506329113924,2.883589266398301,0.04533632662854672,DHX36KO,unclassified,16000,No canonical PQS
17,-1189.873417721519,2.8600934365864097,0.04509127220786686,DHX36KO,unclassified,16000,No canonical PQS
18,-1139.240506329114,2.8087462709157665,0.04192844758520411,DHX36KO,unclassified,16000,No canonical PQS
19,-1088.607594936709,2.763116394592126,0.03995605778854102,DHX36KO,unclassified,16000,No canonical PQS
20,-1037.9746835443038,2.7093861591724058,0.03782153260943338,DHX36KO,unclassified,16000,No canonical PQS
21,-987.3417721518988,2.6620898456872504,0.0359173792862525,DHX36KO,unclassified,16000,No canonical PQS
22,-936.7088607594937,2.5993681833705304,0.03399328140832492,DHX36KO,unclassified,16000,No canonical PQS
23,-886.0759493670887,2.553326249356568,0.03142498366004834,DHX36KO,unclassified,16000,No canonical PQS
24,-835.4430379746836,2.528885485203316,0.028159679110983497,DHX36KO,unclassified,16000,No canonical PQS
25,-784.8101265822784,2.5423132727278768,0.0268118179851586,DHX36KO,unclassified,16000,No canonical PQS
26,-734.1772151898733,2.5941966695043943,0.026558527811610007,DHX36KO,unclassified,16000,No canonical PQS
27,-683.5443037974683,2.6875051941902437,0.028050658523114662,DHX36KO,unclassified,16000,No canonical PQS
28,-632.9113924050632,2.858272717981289,0.031347812074297474,DHX36KO,unclassified,16000,No canonical PQS
29,-582.2784810126582,3.102225018415799,0.03508502420188151,DHX36KO,unclassified,16000,No canonical PQS
30,-531.6455696202531,3.456239145382295,0.03817168565891059,DHX36KO,unclassified,16000,No canonical PQS
31,-481.0126582278481,3.956777936144223,0.042861991915363,DHX36KO,unclassified,16000,No canonical PQS
32,-430.37974683544303,4.623297530074666,0.05076135491250637,DHX36KO,unclassified,16000,No canonical PQS
33,-379.746835443038,5.45238862571766,0.05870066148445263,DHX36KO,unclassified,16000,No canonical PQS
34,-329.11392405063293,6.469121891518236,0.06661795903154782,DHX36KO,unclassified,16000,No canonical PQS
35,-278.4810126582279,7.695800201678723,0.07352664438918058,DHX36KO,unclassified,16000,No canonical PQS
36,-227.84810126582283,9.092958612396021,0.079451800094773,DHX36KO,unclassified,16000,No canonical PQS
37,-177.21518987341778,10.490591032457154,0.08582809033508722,DHX36KO,unclassified,16000,No canonical PQS
38,-126.58227848101274,11.772939192450742,0.09117150476035864,DHX36KO,unclassified,16000,No canonical PQS
39,-75.94936708860769,12.701724427197128,0.09544331085221028,DHX36KO,unclassified,16000,No canonical PQS
40,-25.316455696202638,13.175606274340153,0.09882066541939513,DHX36KO,unclassified,16000,No canonical PQS
41,25.31645569620241,13.213050731275727,0.09863084093973584,DHX36KO,unclassified,16000,No canonical PQS
42,75.94936708860769,12.760597293520322,0.09613971787143556,DHX36KO,unclassified,16000,No canonical PQS
43,126.58227848101251,11.85329820107013,0.09122737035725481,DHX36KO,unclassified,16000,No canonical PQS
44,177.21518987341778,10.586313704860757,0.08431499225466155,DHX36KO,unclassified,16000,No canonical PQS
45,227.8481012658226,9.153068612373422,0.07696499241295918,DHX36KO,unclassified,16000,No canonical PQS
46,278.4810126582279,7.76486543965141,0.06995008705407768,DHX36KO,unclassified,16000,No canonical PQS
47,329.1139240506327,6.527262879063884,0.06273377918838166,DHX36KO,unclassified,16000,No canonical PQS
48,379.746835443038,5.496976440801472,0.055319961688104505,DHX36KO,unclassified,16000,No canonical PQS
49,430.37974683544326,4.645122435498585,0.047447490394597974,DHX36KO,unclassified,16000,No canonical PQS
50,481.0126582278481,3.979462650184433,0.04121283920086192,DHX36KO,unclassified,16000,No canonical PQS
51,531.6455696202534,3.4869735266879696,0.03618766791595159,DHX36KO,unclassified,16000,No canonical PQS
52,582.2784810126582,3.1130680096147456,0.032235858118066486,DHX36KO,unclassified,16000,No canonical PQS
53,632.9113924050635,2.8631271381860475,0.028520725905565567,DHX36KO,unclassified,16000,No canonical PQS
54,683.5443037974683,2.6919942422096432,0.026466806185989213,DHX36KO,unclassified,16000,No canonical PQS
55,734.1772151898736,2.5860727168476583,0.025558790155450237,DHX36KO,unclassified,16000,No canonical PQS
56,784.8101265822784,2.5516096946933864,0.025754711543491095,DHX36KO,unclassified,16000,No canonical PQS
57,835.4430379746836,2.5558058186334867,0.02716301946292338,DHX36KO,unclassified,16000,No canonical PQS
58,886.0759493670885,2.5770453596161804,0.029144995753461127,DHX36KO,unclassified,16000,No canonical PQS
59,936.7088607594937,2.612455788229406,0.031692004864097297,DHX36KO,unclassified,16000,No canonical PQS
60,987.3417721518986,2.656346498239686,0.034507241177041806,DHX36KO,unclassified,16000,No canonical PQS
61,1037.9746835443038,2.700195434228331,0.036347700977564686,DHX36KO,unclassified,16000,No canonical PQS
62,1088.6075949367087,2.749813067369511,0.03902464111418336,DHX36KO,unclassified,16000,No canonical PQS
63,1139.240506329114,2.8118791830608747,0.04348568325289731,DHX36KO,unclassified,16000,No canonical PQS
64,1189.8734177215188,2.8715841619721054,0.046914146412764673,DHX36KO,unclassified,16000,No canonical PQS
65,1240.506329113924,2.926054120078484,0.050980095712425316,DHX36KO,unclassified,16000,No canonical PQS
66,1291.1392405063293,2.9853276003581284,0.057764319145191256,DHX36KO,unclassified,16000,No canonical PQS
67,1341.7721518987341,3.0433742566868665,0.06395734866180712,DHX36KO,unclassified,16000,No canonical PQS
68,1392.4050632911394,3.0873160162085296,0.06630326695019063,DHX36KO,unclassified,16000,No canonical PQS
69,1443.0379746835442,3.126808542641451,0.0656981483972241,DHX36KO,unclassified,16000,No canonical PQS
70,1493.6708860759495,3.139292458473295,0.06134632522330001,DHX36KO,unclassified,16000,No canonical PQS
71,1544.3037974683543,3.163691111000975,0.05952565729798671,DHX36KO,unclassified,16000,No canonical PQS
72,1594.9367088607596,3.1828297916472454,0.05845924630728697,DHX36KO,unclassified,16000,No canonical PQS
73,1645.5696202531644,3.1765215540371834,0.05675458088918746,DHX36KO,unclassified,16000,No canonical PQS
74,1696.2025316455697,3.1959594304467243,0.05697182867764421,DHX36KO,unclassified,16000,No canonical PQS
75,1746.8354430379745,3.1939185502579313,0.05810394295846088,DHX36KO,unclassified,16000,No canonical PQS
76,1797.4683544303798,3.2159388907980424,0.06142375698732355,DHX36KO,unclassified,16000,No canonical PQS
77,1848.1012658227846,3.2347220360670486,0.0642581179086209,DHX36KO,unclassified,16000,No canonical PQS
78,1898.73417721519,3.241889028145472,0.06493840826162285,DHX36KO,unclassified,16000,No canonical PQS
79,1949.3670886075947,3.23562733873263,0.06386532844572104,DHX36KO,unclassified,16000,No canonical PQS
80,2000,3.2200995920838413,0.06212216457069282,DHX36KO,unclassified,16000,No canonical PQS
1,-2000,4.090051011789093,0.06410405243011973,DHX36KO,classified,16000,Classified (P/AP/H)
2,-1949.367088607595,4.09259356460159,0.06487749753527136,DHX36KO,classified,16000,Classified (P/AP/H)
3,-1898.73417721519,4.100027469669431,0.06518847906564516,DHX36KO,classified,16000,Classified (P/AP/H)
4,-1848.1012658227849,4.071831437929819,0.06357487720132067,DHX36KO,classified,16000,Classified (P/AP/H)
5,-1797.4683544303798,4.042239380454619,0.06250841480751602,DHX36KO,classified,16000,Classified (P/AP/H)
6,-1746.8354430379748,4.014067545478741,0.061972313429642815,DHX36KO,classified,16000,Classified (P/AP/H)
7,-1696.2025316455697,3.9935605446200073,0.060515048507031266,DHX36KO,classified,16000,Classified (P/AP/H)
8,-1645.5696202531644,3.9560565507360796,0.05793242960326787,DHX36KO,classified,16000,Classified (P/AP/H)
9,-1594.9367088607596,3.91891688958476,0.0558625467355253,DHX36KO,classified,16000,Classified (P/AP/H)
10,-1544.3037974683543,3.8847553971739113,0.054490920264833126,DHX36KO,classified,16000,Classified (P/AP/H)
11,-1493.6708860759495,3.8804255332209667,0.0547342038136941,DHX36KO,classified,16000,Classified (P/AP/H)
12,-1443.0379746835442,3.8851778461897375,0.055195476421107406,DHX36KO,classified,16000,Classified (P/AP/H)
13,-1392.4050632911392,3.8833024213693044,0.05427123244843571,DHX36KO,classified,16000,Classified (P/AP/H)
14,-1341.7721518987341,3.88476567433695,0.053225522278365,DHX36KO,classified,16000,Classified (P/AP/H)
15,-1291.139240506329,3.9143475684271754,0.052982129524759156,DHX36KO,classified,16000,Classified (P/AP/H)
16,-1240.506329113924,3.941077096090913,0.05248874625300054,DHX36KO,classified,16000,Classified (P/AP/H)
17,-1189.873417721519,4.000529004208942,0.05214737371479949,DHX36KO,classified,16000,Classified (P/AP/H)
18,-1139.240506329114,4.041795161186307,0.051879146291216004,DHX36KO,classified,16000,Classified (P/AP/H)
19,-1088.607594936709,4.096685063598355,0.05229515119705897,DHX36KO,classified,16000,Classified (P/AP/H)
20,-1037.9746835443038,4.1689504041998084,0.05273059657686316,DHX36KO,classified,16000,Classified (P/AP/H)
21,-987.3417721518988,4.26320914808924,0.05505459574619271,DHX36KO,classified,16000,Classified (P/AP/H)
22,-936.7088607594937,4.398453592514694,0.059952099655447066,DHX36KO,classified,16000,Classified (P/AP/H)
23,-886.0759493670887,4.583134449837009,0.06767050206963687,DHX36KO,classified,16000,Classified (P/AP/H)
24,-835.4430379746836,4.837836399741769,0.07672439612006862,DHX36KO,classified,16000,Classified (P/AP/H)
25,-784.8101265822784,5.1572950439727805,0.0863662596833462,DHX36KO,classified,16000,Classified (P/AP/H)
26,-734.1772151898733,5.5437823913262285,0.09408597305899925,DHX36KO,classified,16000,Classified (P/AP/H)
27,-683.5443037974683,6.020471148250152,0.10455483443048871,DHX36KO,classified,16000,Classified (P/AP/H)
28,-632.9113924050632,6.594771074591328,0.11344796263068448,DHX36KO,classified,16000,Classified (P/AP/H)
29,-582.2784810126582,7.265738872071256,0.1188781495618851,DHX36KO,classified,16000,Classified (P/AP/H)
30,-531.6455696202531,8.022673628629148,0.12263720731858854,DHX36KO,classified,16000,Classified (P/AP/H)
31,-481.0126582278481,8.904213424865505,0.12725442378671917,DHX36KO,classified,16000,Classified (P/AP/H)
32,-430.37974683544303,9.90239092906177,0.13351689759238988,DHX36KO,classified,16000,Classified (P/AP/H)
33,-379.746835443038,11.055386997653345,0.1407234715895259,DHX36KO,classified,16000,Classified (P/AP/H)
34,-329.11392405063293,12.32988445109874,0.14871571672027303,DHX36KO,classified,16000,Classified (P/AP/H)
35,-278.4810126582279,13.688294656633984,0.1546613526387945,DHX36KO,classified,16000,Classified (P/AP/H)
36,-227.84810126582283,15.079291427214741,0.15731285170379564,DHX36KO,classified,16000,Classified (P/AP/H)
37,-177.21518987341778,16.452954193279346,0.16022102786960823,DHX36KO,classified,16000,Classified (P/AP/H)
38,-126.58227848101274,17.69908398764322,0.165607808165522,DHX36KO,classified,16000,Classified (P/AP/H)
39,-75.94936708860769,18.56759742365837,0.16822783243966513,DHX36KO,classified,16000,Classified (P/AP/H)
40,-25.316455696202638,19.03361054510802,0.16935512984517095,DHX36KO,classified,16000,Classified (P/AP/H)
41,25.31645569620241,19.02656960765779,0.1718420070630355,DHX36KO,classified,16000,Classified (P/AP/H)
42,75.94936708860769,18.59168622260953,0.1736336353767103,DHX36KO,classified,16000,Classified (P/AP/H)
43,126.58227848101251,17.66675509979541,0.17236712225667242,DHX36KO,classified,16000,Classified (P/AP/H)
44,177.21518987341778,16.462147097531954,0.1709931510607171,DHX36KO,classified,16000,Classified (P/AP/H)
45,227.8481012658226,15.05608990815247,0.16662050566685868,DHX36KO,classified,16000,Classified (P/AP/H)
46,278.4810126582279,13.56548144865652,0.15768468124159288,DHX36KO,classified,16000,Classified (P/AP/H)
47,329.1139240506327,12.125062268190533,0.14682438451479712,DHX36KO,classified,16000,Classified (P/AP/H)
48,379.746835443038,10.849368569268385,0.13877435557711013,DHX36KO,classified,16000,Classified (P/AP/H)
49,430.37974683544326,9.720372142645717,0.12647409494048167,DHX36KO,classified,16000,Classified (P/AP/H)
50,481.0126582278481,8.711147125461846,0.11487059821552574,DHX36KO,classified,16000,Classified (P/AP/H)
51,531.6455696202534,7.833846254701713,0.10619607768213174,DHX36KO,classified,16000,Classified (P/AP/H)
52,582.2784810126582,7.0697906844962635,0.0981807517063662,DHX36KO,classified,16000,Classified (P/AP/H)
53,632.9113924050635,6.440905587643286,0.09062572141524254,DHX36KO,classified,16000,Classified (P/AP/H)
54,683.5443037974683,5.919510136757642,0.08275484737233837,DHX36KO,classified,16000,Classified (P/AP/H)
55,734.1772151898736,5.47519904957816,0.07554532266416321,DHX36KO,classified,16000,Classified (P/AP/H)
56,784.8101265822784,5.112253699635119,0.06916256530544582,DHX36KO,classified,16000,Classified (P/AP/H)
57,835.4430379746836,4.811832574754407,0.06525886735745524,DHX36KO,classified,16000,Classified (P/AP/H)
58,886.0759493670885,4.559603840089937,0.06447808975298513,DHX36KO,classified,16000,Classified (P/AP/H)
59,936.7088607594937,4.37422611007298,0.06389913571580871,DHX36KO,classified,16000,Classified (P/AP/H)
60,987.3417721518986,4.23632674249361,0.06248242969786248,DHX36KO,classified,16000,Classified (P/AP/H)
61,1037.9746835443038,4.135528632391045,0.059869577611398925,DHX36KO,classified,16000,Classified (P/AP/H)
62,1088.6075949367087,4.062499201499621,0.05794527763370421,DHX36KO,classified,16000,Classified (P/AP/H)
63,1139.240506329114,4.002765952255577,0.0562464183255355,DHX36KO,classified,16000,Classified (P/AP/H)
64,1189.8734177215188,3.973017272195915,0.05518526402508889,DHX36KO,classified,16000,Classified (P/AP/H)
65,1240.506329113924,3.9527412356889746,0.054973838315789544,DHX36KO,classified,16000,Classified (P/AP/H)
66,1291.1392405063293,3.9523363821699222,0.05499223011601809,DHX36KO,classified,16000,Classified (P/AP/H)
67,1341.7721518987341,3.969144733740191,0.05569073638690904,DHX36KO,classified,16000,Classified (P/AP/H)
68,1392.4050632911394,3.987527374947717,0.05719469940766666,DHX36KO,classified,16000,Classified (P/AP/H)
69,1443.0379746835442,3.996537839886248,0.05991313011150456,DHX36KO,classified,16000,Classified (P/AP/H)
70,1493.6708860759495,4.0396588027727605,0.06293754949464815,DHX36KO,classified,16000,Classified (P/AP/H)
71,1544.3037974683543,4.069071375012795,0.06507901955593871,DHX36KO,classified,16000,Classified (P/AP/H)
72,1594.9367088607596,4.078455619370739,0.0663230006862706,DHX36KO,classified,16000,Classified (P/AP/H)
73,1645.5696202531644,4.077318531417002,0.06727524038286421,DHX36KO,classified,16000,Classified (P/AP/H)
74,1696.2025316455697,4.075787721828322,0.06769319923991822,DHX36KO,classified,16000,Classified (P/AP/H)
75,1746.8354430379745,4.103393022740086,0.06700102669312213,DHX36KO,classified,16000,Classified (P/AP/H)
76,1797.4683544303798,4.12131297381863,0.06528289272658808,DHX36KO,classified,16000,Classified (P/AP/H)
77,1848.1012658227846,4.132922488296827,0.06314256132645837,DHX36KO,classified,16000,Classified (P/AP/H)
78,1898.73417721519,4.152787870945384,0.06374691494359536,DHX36KO,classified,16000,Classified (P/AP/H)
79,1949.3670886075947,4.174829258853048,0.0650231771153096,DHX36KO,classified,16000,Classified (P/AP/H)
80,2000,4.196984063170354,0.06730973120697575,DHX36KO,classified,16000,Classified (P/AP/H)
1,-2000,2.500903159372459,0.047660699502226914,FANCJKO,unclassified,16000,No canonical PQS
2,-1949.367088607595,2.4922387754287323,0.047290635484804444,FANCJKO,unclassified,16000,No canonical PQS
3,-1898.73417721519,2.492562872327616,0.04628698115336793,FANCJKO,unclassified,16000,No canonical PQS
4,-1848.1012658227849,2.480668399634709,0.043940773391606874,FANCJKO,unclassified,16000,No canonical PQS
5,-1797.4683544303798,2.4704095287323993,0.04214662490081694,FANCJKO,unclassified,16000,No canonical PQS
6,-1746.8354430379748,2.4605009842430055,0.041442954825201515,FANCJKO,unclassified,16000,No canonical PQS
7,-1696.2025316455697,2.443654298353195,0.04098660303189641,FANCJKO,unclassified,16000,No canonical PQS
8,-1645.5696202531644,2.4244517520697912,0.040729244944744065,FANCJKO,unclassified,16000,No canonical PQS
9,-1594.9367088607596,2.4068490918286143,0.0404958446102104,FANCJKO,unclassified,16000,No canonical PQS
10,-1544.3037974683543,2.3838333435818555,0.03997853226569832,FANCJKO,unclassified,16000,No canonical PQS
11,-1493.6708860759495,2.3888489643969635,0.04026985378753528,FANCJKO,unclassified,16000,No canonical PQS
12,-1443.0379746835442,2.3778898276422917,0.03934565719552391,FANCJKO,unclassified,16000,No canonical PQS
13,-1392.4050632911392,2.340738218169659,0.03746354247984533,FANCJKO,unclassified,16000,No canonical PQS
14,-1341.7721518987341,2.3239704682853817,0.03614331178099093,FANCJKO,unclassified,16000,No canonical PQS
15,-1291.139240506329,2.299393031776299,0.034459297465293706,FANCJKO,unclassified,16000,No canonical PQS
16,-1240.506329113924,2.2802169969617325,0.0351083376479635,FANCJKO,unclassified,16000,No canonical PQS
17,-1189.873417721519,2.2474728496173024,0.03471014687211186,FANCJKO,unclassified,16000,No canonical PQS
18,-1139.240506329114,2.2173409068883956,0.032230160232912274,FANCJKO,unclassified,16000,No canonical PQS
19,-1088.607594936709,2.1812571365657947,0.030494257723970585,FANCJKO,unclassified,16000,No canonical PQS
20,-1037.9746835443038,2.1410331291595597,0.028320862946146743,FANCJKO,unclassified,16000,No canonical PQS
21,-987.3417721518988,2.0923457519568505,0.026040793582454945,FANCJKO,unclassified,16000,No canonical PQS
22,-936.7088607594937,2.04721710534215,0.024473287256748702,FANCJKO,unclassified,16000,No canonical PQS
23,-886.0759493670887,2.02274955598255,0.022834502515778024,FANCJKO,unclassified,16000,No canonical PQS
24,-835.4430379746836,2.001791879099359,0.02086951887935866,FANCJKO,unclassified,16000,No canonical PQS
25,-784.8101265822784,2.013695708512912,0.019481224961848224,FANCJKO,unclassified,16000,No canonical PQS
26,-734.1772151898733,2.0496164102989933,0.01957358486463086,FANCJKO,unclassified,16000,No canonical PQS
27,-683.5443037974683,2.1217898943377036,0.02113710360209343,FANCJKO,unclassified,16000,No canonical PQS
28,-632.9113924050632,2.255062451054752,0.02422797271196881,FANCJKO,unclassified,16000,No canonical PQS
29,-582.2784810126582,2.443665015173455,0.027492622823593417,FANCJKO,unclassified,16000,No canonical PQS
30,-531.6455696202531,2.7165191177578767,0.030373508121886255,FANCJKO,unclassified,16000,No canonical PQS
31,-481.0126582278481,3.101589341567556,0.03428382636481083,FANCJKO,unclassified,16000,No canonical PQS
32,-430.37974683544303,3.6083235846211514,0.039861038167256044,FANCJKO,unclassified,16000,No canonical PQS
33,-379.746835443038,4.251343475038409,0.04544443361766539,FANCJKO,unclassified,16000,No canonical PQS
34,-329.11392405063293,5.074685502031048,0.05193385069636695,FANCJKO,unclassified,16000,No canonical PQS
35,-278.4810126582279,6.04650397355179,0.05720170654560371,FANCJKO,unclassified,16000,No canonical PQS
36,-227.84810126582283,7.1645037621893986,0.06200216857975946,FANCJKO,unclassified,16000,No canonical PQS
37,-177.21518987341778,8.295422827796639,0.06679052050920156,FANCJKO,unclassified,16000,No canonical PQS
38,-126.58227848101274,9.310033347248535,0.07024016712764439,FANCJKO,unclassified,16000,No canonical PQS
39,-75.94936708860769,10.057318121231347,0.07340611632040701,FANCJKO,unclassified,16000,No canonical PQS
40,-25.316455696202638,10.437972564403166,0.07586131888015707,FANCJKO,unclassified,16000,No canonical PQS
41,25.31645569620241,10.432694839174598,0.07616024861218003,FANCJKO,unclassified,16000,No canonical PQS
42,75.94936708860769,10.05232388676842,0.0748887064302411,FANCJKO,unclassified,16000,No canonical PQS
43,126.58227848101251,9.317076896642,0.0712468245219149,FANCJKO,unclassified,16000,No canonical PQS
44,177.21518987341778,8.304155178205123,0.0656234415810834,FANCJKO,unclassified,16000,No canonical PQS
45,227.8481012658226,7.181163651250849,0.06005779296862828,FANCJKO,unclassified,16000,No canonical PQS
46,278.4810126582279,6.061272529179802,0.05542339200904939,FANCJKO,unclassified,16000,No canonical PQS
47,329.1139240506327,5.086162916088799,0.05029831068147964,FANCJKO,unclassified,16000,No canonical PQS
48,379.746835443038,4.260435888120333,0.043860748479625254,FANCJKO,unclassified,16000,No canonical PQS
49,430.37974683544326,3.5951381305250028,0.037267961287432295,FANCJKO,unclassified,16000,No canonical PQS
50,481.0126582278481,3.083670813161731,0.03198290844007061,FANCJKO,unclassified,16000,No canonical PQS
51,531.6455696202534,2.7163131375529868,0.028472462362296655,FANCJKO,unclassified,16000,No canonical PQS
52,582.2784810126582,2.447489184093724,0.025462681440286725,FANCJKO,unclassified,16000,No canonical PQS
53,632.9113924050635,2.2452782152728736,0.021600661285512888,FANCJKO,unclassified,16000,No canonical PQS
54,683.5443037974683,2.1227028948058186,0.01975133750691153,FANCJKO,unclassified,16000,No canonical PQS
55,734.1772151898736,2.0498546961172917,0.01909339077683318,FANCJKO,unclassified,16000,No canonical PQS
56,784.8101265822784,2.0231437655702234,0.01917443781441078,FANCJKO,unclassified,16000,No canonical PQS
57,835.4430379746836,2.022617637967169,0.020544293664014533,FANCJKO,unclassified,16000,No canonical PQS
58,886.0759493670885,2.0381800157117844,0.022157244523412948,FANCJKO,unclassified,16000,No canonical PQS
59,936.7088607594937,2.0764279499473672,0.024506667320821202,FANCJKO,unclassified,16000,No canonical PQS
60,987.3417721518986,2.1181941907715798,0.02726855335211549,FANCJKO,unclassified,16000,No canonical PQS
61,1037.9746835443038,2.154581700227807,0.02900826585085077,FANCJKO,unclassified,16000,No canonical PQS
62,1088.6075949367087,2.196746404392272,0.03166656268346025,FANCJKO,unclassified,16000,No canonical PQS
63,1139.240506329114,2.24291910959661,0.03527447882966918,FANCJKO,unclassified,16000,No canonical PQS
64,1189.8734177215188,2.284354694665472,0.03823924129045683,FANCJKO,unclassified,16000,No canonical PQS
65,1240.506329113924,2.3309684567765894,0.04155688399948861,FANCJKO,unclassified,16000,No canonical PQS
66,1291.1392405063293,2.3736412888071436,0.04696546130198327,FANCJKO,unclassified,16000,No canonical PQS
67,1341.7721518987341,2.418387637102703,0.05084436076048774,FANCJKO,unclassified,16000,No canonical PQS
68,1392.4050632911394,2.4651082205292583,0.05197023709676019,FANCJKO,unclassified,16000,No canonical PQS
69,1443.0379746835442,2.501664578785747,0.050745378395015514,FANCJKO,unclassified,16000,No canonical PQS
70,1493.6708860759495,2.5190768363006413,0.04793652602807983,FANCJKO,unclassified,16000,No canonical PQS
71,1544.3037974683543,2.5480738746579985,0.047046208009923735,FANCJKO,unclassified,16000,No canonical PQS
72,1594.9367088607596,2.5541975849208733,0.04655072939197781,FANCJKO,unclassified,16000,No canonical PQS
73,1645.5696202531644,2.548451134019196,0.046086213179616205,FANCJKO,unclassified,16000,No canonical PQS
74,1696.2025316455697,2.550588847464621,0.04600583751295349,FANCJKO,unclassified,16000,No canonical PQS
75,1746.8354430379745,2.5543294313096503,0.047112655053882783,FANCJKO,unclassified,16000,No canonical PQS
76,1797.4683544303798,2.5530496016710997,0.05014933672885838,FANCJKO,unclassified,16000,No canonical PQS
77,1848.1012658227846,2.5573712031660976,0.05312619849790666,FANCJKO,unclassified,16000,No canonical PQS
78,1898.73417721519,2.5562159138373035,0.053402762987642974,FANCJKO,unclassified,16000,No canonical PQS
79,1949.3670886075947,2.563772537501355,0.05178990626168753,FANCJKO,unclassified,16000,No canonical PQS
80,2000,2.545261454749306,0.05021258591790842,FANCJKO,unclassified,16000,No canonical PQS
1,-2000,2.998858689159105,0.04817096401972343,FANCJKO,classified,16000,Classified (P/AP/H)
2,-1949.367088607595,3.000751267492821,0.04925285872811339,FANCJKO,classified,16000,Classified (P/AP/H)
3,-1898.73417721519,3.009255281834652,0.04987376720409225,FANCJKO,classified,16000,Classified (P/AP/H)
4,-1848.1012658227849,2.9848076614961028,0.04845685018056403,FANCJKO,classified,16000,Classified (P/AP/H)
5,-1797.4683544303798,2.956815450592786,0.04787285334570395,FANCJKO,classified,16000,Classified (P/AP/H)
6,-1746.8354430379748,2.923658935499986,0.04792184927825597,FANCJKO,classified,16000,Classified (P/AP/H)
7,-1696.2025316455697,2.8963246581024924,0.04668285939918639,FANCJKO,classified,16000,Classified (P/AP/H)
8,-1645.5696202531644,2.8763366790151097,0.044720842755355976,FANCJKO,classified,16000,Classified (P/AP/H)
9,-1594.9367088607596,2.847975511006663,0.04355340589633467,FANCJKO,classified,16000,Classified (P/AP/H)
10,-1544.3037974683543,2.840926062754343,0.043165470173399466,FANCJKO,classified,16000,Classified (P/AP/H)
11,-1493.6708860759495,2.8363711954732738,0.04251324291398191,FANCJKO,classified,16000,Classified (P/AP/H)
12,-1443.0379746835442,2.8283670805060863,0.04217821589420172,FANCJKO,classified,16000,Classified (P/AP/H)
13,-1392.4050632911392,2.8328632537340126,0.04172682926063335,FANCJKO,classified,16000,Classified (P/AP/H)
14,-1341.7721518987341,2.832962566133986,0.04133288233964932,FANCJKO,classified,16000,Classified (P/AP/H)
15,-1291.139240506329,2.8467777866877615,0.04093276340058802,FANCJKO,classified,16000,Classified (P/AP/H)
16,-1240.506329113924,2.8694184585440654,0.040423094652253265,FANCJKO,classified,16000,Classified (P/AP/H)
17,-1189.873417721519,2.8969498789771397,0.039877255268666305,FANCJKO,classified,16000,Classified (P/AP/H)
18,-1139.240506329114,2.913616907652219,0.03940052159916743,FANCJKO,classified,16000,Classified (P/AP/H)
19,-1088.607594936709,2.9521860304792225,0.03956214458398213,FANCJKO,classified,16000,Classified (P/AP/H)
20,-1037.9746835443038,2.993633684852322,0.039751339391060084,FANCJKO,classified,16000,Classified (P/AP/H)
21,-987.3417721518988,3.0622482501591244,0.04069289468531397,FANCJKO,classified,16000,Classified (P/AP/H)
22,-936.7088607594937,3.1693889313617847,0.04406759361522054,FANCJKO,classified,16000,Classified (P/AP/H)
23,-886.0759493670887,3.3163852812811236,0.05015691778782437,FANCJKO,classified,16000,Classified (P/AP/H)
24,-835.4430379746836,3.4983644225078323,0.05780375994340948,FANCJKO,classified,16000,Classified (P/AP/H)
25,-784.8101265822784,3.7298418595166503,0.06588538713913426,FANCJKO,classified,16000,Classified (P/AP/H)
26,-734.1772151898733,3.9987210031246145,0.07181044399517023,FANCJKO,classified,16000,Classified (P/AP/H)
27,-683.5443037974683,4.3427303000584745,0.0789018915488906,FANCJKO,classified,16000,Classified (P/AP/H)
28,-632.9113924050632,4.754799006946236,0.08537015300488796,FANCJKO,classified,16000,Classified (P/AP/H)
29,-582.2784810126582,5.251450188887666,0.09180807067734181,FANCJKO,classified,16000,Classified (P/AP/H)
30,-531.6455696202531,5.801614604080171,0.09609035276801615,FANCJKO,classified,16000,Classified (P/AP/H)
31,-481.0126582278481,6.4599268146660425,0.1001954115724205,FANCJKO,classified,16000,Classified (P/AP/H)
32,-430.37974683544303,7.227961003670643,0.1054878868109195,FANCJKO,classified,16000,Classified (P/AP/H)
33,-379.746835443038,8.10075293908462,0.11118223031677564,FANCJKO,classified,16000,Classified (P/AP/H)
34,-329.11392405063293,9.070555229098996,0.11711269725156344,FANCJKO,classified,16000,Classified (P/AP/H)
35,-278.4810126582279,10.083366017762373,0.12077122479338039,FANCJKO,classified,16000,Classified (P/AP/H)
36,-227.84810126582283,11.10750550242444,0.12198449369356466,FANCJKO,classified,16000,Classified (P/AP/H)
37,-177.21518987341778,12.102545494302014,0.1236123389843647,FANCJKO,classified,16000,Classified (P/AP/H)
38,-126.58227848101274,13.032293466776808,0.12742743843227178,FANCJKO,classified,16000,Classified (P/AP/H)
39,-75.94936708860769,13.726423528386851,0.1298835323571899,FANCJKO,classified,16000,Classified (P/AP/H)
40,-25.316455696202638,14.09811178514267,0.13217774489394932,FANCJKO,classified,16000,Classified (P/AP/H)
41,25.31645569620241,14.124232767619242,0.13531438781337848,FANCJKO,classified,16000,Classified (P/AP/H)
42,75.94936708860769,13.768747990828802,0.1371621720442385,FANCJKO,classified,16000,Classified (P/AP/H)
43,126.58227848101251,13.07296614474088,0.13733282361854587,FANCJKO,classified,16000,Classified (P/AP/H)
44,177.21518987341778,12.181264312607695,0.1367815882655733,FANCJKO,classified,16000,Classified (P/AP/H)
45,227.8481012658226,11.150935786644668,0.1332965214402649,FANCJKO,classified,16000,Classified (P/AP/H)
46,278.4810126582279,10.032306949523786,0.12528791716072693,FANCJKO,classified,16000,Classified (P/AP/H)
47,329.1139240506327,8.933822126905968,0.11569990432672317,FANCJKO,classified,16000,Classified (P/AP/H)
48,379.746835443038,7.945539431992918,0.10759575676551196,FANCJKO,classified,16000,Classified (P/AP/H)
49,430.37974683544326,7.0979909560182195,0.09799270613719796,FANCJKO,classified,16000,Classified (P/AP/H)
50,481.0126582278481,6.329863850308458,0.08916137575805706,FANCJKO,classified,16000,Classified (P/AP/H)
51,531.6455696202534,5.68495841298004,0.08215062880050006,FANCJKO,classified,16000,Classified (P/AP/H)
52,582.2784810126582,5.12761427001675,0.07540629318909182,FANCJKO,classified,16000,Classified (P/AP/H)
53,632.9113924050635,4.665131617556512,0.06875194550595348,FANCJKO,classified,16000,Classified (P/AP/H)
54,683.5443037974683,4.269517665091604,0.06252074080005152,FANCJKO,classified,16000,Classified (P/AP/H)
55,734.1772151898736,3.9501558026629686,0.05744266902027249,FANCJKO,classified,16000,Classified (P/AP/H)
56,784.8101265822784,3.6772892673793436,0.05256817571117761,FANCJKO,classified,16000,Classified (P/AP/H)
57,835.4430379746836,3.464194863838454,0.05009392028020628,FANCJKO,classified,16000,Classified (P/AP/H)
58,886.0759493670885,3.287985429113954,0.04976846366872714,FANCJKO,classified,16000,Classified (P/AP/H)
59,936.7088607594937,3.1523272418856125,0.04989141405209615,FANCJKO,classified,16000,Classified (P/AP/H)
60,987.3417721518986,3.064746362734437,0.04918169498005976,FANCJKO,classified,16000,Classified (P/AP/H)
61,1037.9746835443038,2.9909968994896112,0.04738394062046264,FANCJKO,classified,16000,Classified (P/AP/H)
62,1088.6075949367087,2.960122510762761,0.04553858076550157,FANCJKO,classified,16000,Classified (P/AP/H)
63,1139.240506329114,2.924533140679995,0.04368971515167831,FANCJKO,classified,16000,Classified (P/AP/H)
64,1189.8734177215188,2.900320079274426,0.04190831430137261,FANCJKO,classified,16000,Classified (P/AP/H)
65,1240.506329113924,2.8732451090779403,0.04117196119837906,FANCJKO,classified,16000,Classified (P/AP/H)
66,1291.1392405063293,2.8833204880765577,0.04142313300053443,FANCJKO,classified,16000,Classified (P/AP/H)
67,1341.7721518987341,2.90556113281707,0.04204500687742274,FANCJKO,classified,16000,Classified (P/AP/H)
68,1392.4050632911394,2.917134161283523,0.043191697912874236,FANCJKO,classified,16000,Classified (P/AP/H)
69,1443.0379746835442,2.9116982778638603,0.045669032200931124,FANCJKO,classified,16000,Classified (P/AP/H)
70,1493.6708860759495,2.9277518007834256,0.04855671794911794,FANCJKO,classified,16000,Classified (P/AP/H)
71,1544.3037974683543,2.9453643267497918,0.05030643649629409,FANCJKO,classified,16000,Classified (P/AP/H)
72,1594.9367088607596,2.956139758697649,0.05030558974996493,FANCJKO,classified,16000,Classified (P/AP/H)
73,1645.5696202531644,2.9615922803206742,0.050300926439317425,FANCJKO,classified,16000,Classified (P/AP/H)
74,1696.2025316455697,2.982754963523646,0.05079320416884485,FANCJKO,classified,16000,Classified (P/AP/H)
75,1746.8354430379745,2.995448467241625,0.0498706081055345,FANCJKO,classified,16000,Classified (P/AP/H)
76,1797.4683544303798,3.005195308498343,0.04859313389505775,FANCJKO,classified,16000,Classified (P/AP/H)
77,1848.1012658227846,3.000558855779717,0.04708659337824087,FANCJKO,classified,16000,Classified (P/AP/H)
78,1898.73417721519,3.0047983517954746,0.04794353900680207,FANCJKO,classified,16000,Classified (P/AP/H)
79,1949.3670886075947,3.0246462905704976,0.04967248161534434,FANCJKO,classified,16000,Classified (P/AP/H)
80,2000,3.044284416446835,0.05189357092802062,FANCJKO,classified,16000,Classified (P/AP/H)
1,-2000,3.261036267205576,0.06289534429817924,dKO,unclassified,16000,No canonical PQS
2,-1949.367088607595,3.268598215885212,0.0633641497509711,dKO,unclassified,16000,No canonical PQS
3,-1898.73417721519,3.2631786624330283,0.06310957830316223,dKO,unclassified,16000,No canonical PQS
4,-1848.1012658227849,3.236135964035789,0.061008689907913416,dKO,unclassified,16000,No canonical PQS
5,-1797.4683544303798,3.2217211514101924,0.05967512563302172,dKO,unclassified,16000,No canonical PQS
6,-1746.8354430379748,3.1944076513080297,0.0581453738908479,dKO,unclassified,16000,No canonical PQS
7,-1696.2025316455697,3.171149613813162,0.0573999268414704,dKO,unclassified,16000,No canonical PQS
8,-1645.5696202531644,3.158986026052038,0.056978087233006534,dKO,unclassified,16000,No canonical PQS
9,-1594.9367088607596,3.1522894569867352,0.056939948216763396,dKO,unclassified,16000,No canonical PQS
10,-1544.3037974683543,3.15101481412828,0.05689043647316392,dKO,unclassified,16000,No canonical PQS
11,-1493.6708860759495,3.1553182781923312,0.05630034111284117,dKO,unclassified,16000,No canonical PQS
12,-1443.0379746835442,3.132905949379454,0.05447092973416542,dKO,unclassified,16000,No canonical PQS
13,-1392.4050632911392,3.0985899230686824,0.05193838690362408,dKO,unclassified,16000,No canonical PQS
14,-1341.7721518987341,3.0735307431815566,0.04980942369242021,dKO,unclassified,16000,No canonical PQS
15,-1291.139240506329,3.0458392386037607,0.04799622485808684,dKO,unclassified,16000,No canonical PQS
16,-1240.506329113924,3.0141195939960577,0.04827298260730407,dKO,unclassified,16000,No canonical PQS
17,-1189.873417721519,2.969992089345604,0.04784243692454434,dKO,unclassified,16000,No canonical PQS
18,-1139.240506329114,2.9149411144861084,0.04479783367186587,dKO,unclassified,16000,No canonical PQS
19,-1088.607594936709,2.8704504308296244,0.04287320357506119,dKO,unclassified,16000,No canonical PQS
20,-1037.9746835443038,2.8099526728982727,0.04013615969774715,dKO,unclassified,16000,No canonical PQS
21,-987.3417721518988,2.7415644546586773,0.03731258062825589,dKO,unclassified,16000,No canonical PQS
22,-936.7088607594937,2.682658635182331,0.035273407112722366,dKO,unclassified,16000,No canonical PQS
23,-886.0759493670887,2.6377502037406466,0.03257169073458905,dKO,unclassified,16000,No canonical PQS
24,-835.4430379746836,2.6100286134446162,0.02942822423124703,dKO,unclassified,16000,No canonical PQS
25,-784.8101265822784,2.6211652618270618,0.027481633547068052,dKO,unclassified,16000,No canonical PQS
26,-734.1772151898733,2.6792377360724906,0.027515836535375697,dKO,unclassified,16000,No canonical PQS
27,-683.5443037974683,2.7779269940590856,0.029671398979021685,dKO,unclassified,16000,No canonical PQS
28,-632.9113924050632,2.9584741907263297,0.033740169766482926,dKO,unclassified,16000,No canonical PQS
29,-582.2784810126582,3.2223165841631096,0.037908560844568014,dKO,unclassified,16000,No canonical PQS
30,-531.6455696202531,3.5884293107828498,0.04094362255584431,dKO,unclassified,16000,No canonical PQS
31,-481.0126582278481,4.108873484159261,0.04602790284403156,dKO,unclassified,16000,No canonical PQS
32,-430.37974683544303,4.787350257530511,0.053632891579370644,dKO,unclassified,16000,No canonical PQS
33,-379.746835443038,5.653394901998639,0.061689573535662325,dKO,unclassified,16000,No canonical PQS
34,-329.11392405063293,6.757595842032383,0.07012243955347225,dKO,unclassified,16000,No canonical PQS
35,-278.4810126582279,8.079759302026927,0.07764502015294064,dKO,unclassified,16000,No canonical PQS
36,-227.84810126582283,9.589670274190356,0.08485822763045392,dKO,unclassified,16000,No canonical PQS
37,-177.21518987341778,11.12754788242653,0.09137144949320809,dKO,unclassified,16000,No canonical PQS
38,-126.58227848101274,12.499364086872637,0.09725700698134457,dKO,unclassified,16000,No canonical PQS
39,-75.94936708860769,13.486919170089811,0.10209524111438731,dKO,unclassified,16000,No canonical PQS
40,-25.316455696202638,14.01673014463658,0.10563117749874906,dKO,unclassified,16000,No canonical PQS
41,25.31645569620241,14.017690546159546,0.10581918398619673,dKO,unclassified,16000,No canonical PQS
42,75.94936708860769,13.508414201790393,0.10305450356949868,dKO,unclassified,16000,No canonical PQS
43,126.58227848101251,12.504963930152803,0.09803355163643876,dKO,unclassified,16000,No canonical PQS
44,177.21518987341778,11.1406303126962,0.09066926541368413,dKO,unclassified,16000,No canonical PQS
45,227.8481012658226,9.610021419304559,0.0829515972005469,dKO,unclassified,16000,No canonical PQS
46,278.4810126582279,8.112709222545178,0.07541950799445567,dKO,unclassified,16000,No canonical PQS
47,329.1139240506327,6.778743497675955,0.06784096412295233,dKO,unclassified,16000,No canonical PQS
48,379.746835443038,5.68868820225656,0.05964224451960537,dKO,unclassified,16000,No canonical PQS
49,430.37974683544326,4.796795468095442,0.050918967707989385,dKO,unclassified,16000,No canonical PQS
50,481.0126582278481,4.100314346172859,0.04382025239761221,dKO,unclassified,16000,No canonical PQS
51,531.6455696202534,3.588936782837063,0.03843217854764365,dKO,unclassified,16000,No canonical PQS
52,582.2784810126582,3.214513060798645,0.03439412412963313,dKO,unclassified,16000,No canonical PQS
53,632.9113924050635,2.9429445271089176,0.03017689201809622,dKO,unclassified,16000,No canonical PQS
54,683.5443037974683,2.7626038951281706,0.027626930409967637,dKO,unclassified,16000,No canonical PQS
55,734.1772151898736,2.6567819965714214,0.026611189430140677,dKO,unclassified,16000,No canonical PQS
56,784.8101265822784,2.617382239154279,0.02706822710750499,dKO,unclassified,16000,No canonical PQS
57,835.4430379746836,2.6271349809676905,0.028904238711969933,dKO,unclassified,16000,No canonical PQS
58,886.0759493670885,2.6524001636105776,0.031199755407348945,dKO,unclassified,16000,No canonical PQS
59,936.7088607594937,2.701800175543477,0.03439761801014181,dKO,unclassified,16000,No canonical PQS
60,987.3417721518986,2.767189377401819,0.037466706469125546,dKO,unclassified,16000,No canonical PQS
61,1037.9746835443038,2.8174326229721802,0.039701998692735226,dKO,unclassified,16000,No canonical PQS
62,1088.6075949367087,2.8721525962253414,0.04319754792467001,dKO,unclassified,16000,No canonical PQS
63,1139.240506329114,2.9295313168911634,0.0478087441445319,dKO,unclassified,16000,No canonical PQS
64,1189.8734177215188,2.9829551755414903,0.051437966497121304,dKO,unclassified,16000,No canonical PQS
65,1240.506329113924,3.0359726183414955,0.05568408977297451,dKO,unclassified,16000,No canonical PQS
66,1291.1392405063293,3.097924877214581,0.06264715104375679,dKO,unclassified,16000,No canonical PQS
67,1341.7721518987341,3.1735533394359052,0.06848894511605547,dKO,unclassified,16000,No canonical PQS
68,1392.4050632911394,3.23550596743688,0.07043962072736758,dKO,unclassified,16000,No canonical PQS
69,1443.0379746835442,3.2746631548053027,0.06988873861928714,dKO,unclassified,16000,No canonical PQS
70,1493.6708860759495,3.3097064601668715,0.06660304902779626,dKO,unclassified,16000,No canonical PQS
71,1544.3037974683543,3.343967172186573,0.06527765972575494,dKO,unclassified,16000,No canonical PQS
72,1594.9367088607596,3.3553326915070416,0.06460226722803095,dKO,unclassified,16000,No canonical PQS
73,1645.5696202531644,3.347499140515427,0.06310727192558689,dKO,unclassified,16000,No canonical PQS
74,1696.2025316455697,3.3568903722254433,0.06288057776439496,dKO,unclassified,16000,No canonical PQS
75,1746.8354430379745,3.363952718219459,0.06395057761016965,dKO,unclassified,16000,No canonical PQS
76,1797.4683544303798,3.3692593584697943,0.06658971130868535,dKO,unclassified,16000,No canonical PQS
77,1848.1012658227846,3.368966836080551,0.06893735189624943,dKO,unclassified,16000,No canonical PQS
78,1898.73417721519,3.3643870153013866,0.06992333531946017,dKO,unclassified,16000,No canonical PQS
79,1949.3670886075947,3.3543071240329247,0.06847656594319829,dKO,unclassified,16000,No canonical PQS
80,2000,3.338535443904499,0.06628053954370242,dKO,unclassified,16000,No canonical PQS
1,-2000,4.4214888084028665,0.07010438547147584,dKO,classified,16000,Classified (P/AP/H)
2,-1949.367088607595,4.403908021261294,0.07034793693090544,dKO,classified,16000,Classified (P/AP/H)
3,-1898.73417721519,4.400091890465568,0.0698506000701594,dKO,classified,16000,Classified (P/AP/H)
4,-1848.1012658227849,4.371259059904019,0.06803579285271655,dKO,classified,16000,Classified (P/AP/H)
5,-1797.4683544303798,4.332867000899514,0.0666198195558701,dKO,classified,16000,Classified (P/AP/H)
6,-1746.8354430379748,4.288959458987316,0.06581680187742146,dKO,classified,16000,Classified (P/AP/H)
7,-1696.2025316455697,4.238734354808529,0.06464122744435043,dKO,classified,16000,Classified (P/AP/H)
8,-1645.5696202531644,4.207011431102455,0.06289988904513373,dKO,classified,16000,Classified (P/AP/H)
9,-1594.9367088607596,4.181126915285389,0.06107583038460289,dKO,classified,16000,Classified (P/AP/H)
10,-1544.3037974683543,4.160534929888844,0.059584393057160824,dKO,classified,16000,Classified (P/AP/H)
11,-1493.6708860759495,4.166242777573566,0.059548861621423435,dKO,classified,16000,Classified (P/AP/H)
12,-1443.0379746835442,4.1870220704161625,0.05955371152692476,dKO,classified,16000,Classified (P/AP/H)
13,-1392.4050632911392,4.1892569570609925,0.05911289474908621,dKO,classified,16000,Classified (P/AP/H)
14,-1341.7721518987341,4.173159724292904,0.05813793518750944,dKO,classified,16000,Classified (P/AP/H)
15,-1291.139240506329,4.205783880129804,0.0577937193239674,dKO,classified,16000,Classified (P/AP/H)
16,-1240.506329113924,4.235635772738805,0.0573406094099254,dKO,classified,16000,Classified (P/AP/H)
17,-1189.873417721519,4.27792049704805,0.05680891972420676,dKO,classified,16000,Classified (P/AP/H)
18,-1139.240506329114,4.297008385442346,0.05609727485441893,dKO,classified,16000,Classified (P/AP/H)
19,-1088.607594936709,4.368557084751477,0.05661469004985494,dKO,classified,16000,Classified (P/AP/H)
20,-1037.9746835443038,4.43943759210075,0.05689160741894917,dKO,classified,16000,Classified (P/AP/H)
21,-987.3417721518988,4.546948306249082,0.05856486596365698,dKO,classified,16000,Classified (P/AP/H)
22,-936.7088607594937,4.712573862705529,0.06282254466138903,dKO,classified,16000,Classified (P/AP/H)
23,-886.0759493670887,4.931939719111124,0.07050934539820171,dKO,classified,16000,Classified (P/AP/H)
24,-835.4430379746836,5.190951641073525,0.0790068525503157,dKO,classified,16000,Classified (P/AP/H)
25,-784.8101265822784,5.540920751884778,0.08864611719129362,dKO,classified,16000,Classified (P/AP/H)
26,-734.1772151898733,5.956790559164733,0.09708062763205182,dKO,classified,16000,Classified (P/AP/H)
27,-683.5443037974683,6.491355959401627,0.10779072988785725,dKO,classified,16000,Classified (P/AP/H)
28,-632.9113924050632,7.104354308177233,0.1175173650249907,dKO,classified,16000,Classified (P/AP/H)
29,-582.2784810126582,7.814164482291887,0.12516906206925837,dKO,classified,16000,Classified (P/AP/H)
30,-531.6455696202531,8.634114314838747,0.13035812573393626,dKO,classified,16000,Classified (P/AP/H)
31,-481.0126582278481,9.587595504643819,0.13538539884271603,dKO,classified,16000,Classified (P/AP/H)
32,-430.37974683544303,10.682602417468777,0.14158538787223368,dKO,classified,16000,Classified (P/AP/H)
33,-379.746835443038,11.948023839342246,0.14922253028327692,dKO,classified,16000,Classified (P/AP/H)
34,-329.11392405063293,13.317838069612682,0.1574593831813545,dKO,classified,16000,Classified (P/AP/H)
35,-278.4810126582279,14.818042597650438,0.16432973829620434,dKO,classified,16000,Classified (P/AP/H)
36,-227.84810126582283,16.347137716712258,0.1673747276576693,dKO,classified,16000,Classified (P/AP/H)
37,-177.21518987341778,17.81781475050211,0.17032289104501117,dKO,classified,16000,Classified (P/AP/H)
38,-126.58227848101274,19.181049453728846,0.17612580838835043,dKO,classified,16000,Classified (P/AP/H)
39,-75.94936708860769,20.207013044595968,0.17989049354212558,dKO,classified,16000,Classified (P/AP/H)
40,-25.316455696202638,20.71167841231227,0.18117783690936762,dKO,classified,16000,Classified (P/AP/H)
41,25.31645569620241,20.700257291585803,0.18372896682695267,dKO,classified,16000,Classified (P/AP/H)
42,75.94936708860769,20.189195319375298,0.18459810618133843,dKO,classified,16000,Classified (P/AP/H)
43,126.58227848101251,19.169032699781557,0.1835359875436524,dKO,classified,16000,Classified (P/AP/H)
44,177.21518987341778,17.821898799012452,0.18186438977756617,dKO,classified,16000,Classified (P/AP/H)
45,227.8481012658226,16.270186350575734,0.1771220437994931,dKO,classified,16000,Classified (P/AP/H)
46,278.4810126582279,14.654018901125193,0.16823603323989772,dKO,classified,16000,Classified (P/AP/H)
47,329.1139240506327,13.114617435780268,0.15771189190727106,dKO,classified,16000,Classified (P/AP/H)
48,379.746835443038,11.71233952522273,0.14926639065874336,dKO,classified,16000,Classified (P/AP/H)
49,430.37974683544326,10.483353552969694,0.13639699692809598,dKO,classified,16000,Classified (P/AP/H)
50,481.0126582278481,9.386127213265052,0.12445828945937312,dKO,classified,16000,Classified (P/AP/H)
51,531.6455696202534,8.466638513765435,0.115982934325268,dKO,classified,16000,Classified (P/AP/H)
52,582.2784810126582,7.668028607985874,0.1083984982324576,dKO,classified,16000,Classified (P/AP/H)
53,632.9113924050635,6.9813108928088345,0.10011191949612952,dKO,classified,16000,Classified (P/AP/H)
54,683.5443037974683,6.394247168388864,0.09113215690721978,dKO,classified,16000,Classified (P/AP/H)
55,734.1772151898736,5.893305514236142,0.08356848361932327,dKO,classified,16000,Classified (P/AP/H)
56,784.8101265822784,5.4699379324837025,0.0762005640773832,dKO,classified,16000,Classified (P/AP/H)
57,835.4430379746836,5.1387828147551415,0.07166692357591403,dKO,classified,16000,Classified (P/AP/H)
58,886.0759493670885,4.8762278974924484,0.06964848410578788,dKO,classified,16000,Classified (P/AP/H)
59,936.7088607594937,4.690267768458972,0.0689399235594803,dKO,classified,16000,Classified (P/AP/H)
60,987.3417721518986,4.554857405409912,0.06755301089344863,dKO,classified,16000,Classified (P/AP/H)
61,1037.9746835443038,4.455989275873999,0.06573581309906346,dKO,classified,16000,Classified (P/AP/H)
62,1088.6075949367087,4.379496203950395,0.06352717884270079,dKO,classified,16000,Classified (P/AP/H)
63,1139.240506329114,4.3241782066849375,0.06244839817446925,dKO,classified,16000,Classified (P/AP/H)
64,1189.8734177215188,4.295401557665368,0.061274567329524125,dKO,classified,16000,Classified (P/AP/H)
65,1240.506329113924,4.265313285760681,0.06020364691423024,dKO,classified,16000,Classified (P/AP/H)
66,1291.1392405063293,4.261790397966951,0.06023941663635073,dKO,classified,16000,Classified (P/AP/H)
67,1341.7721518987341,4.298158824193875,0.06163618168080489,dKO,classified,16000,Classified (P/AP/H)
68,1392.4050632911394,4.324404206076761,0.06405923075574074,dKO,classified,16000,Classified (P/AP/H)
69,1443.0379746835442,4.350732651732663,0.06725140439373499,dKO,classified,16000,Classified (P/AP/H)
70,1493.6708860759495,4.362520106814951,0.06970325114788713,dKO,classified,16000,Classified (P/AP/H)
71,1544.3037974683543,4.3865271751466395,0.07219033158527272,dKO,classified,16000,Classified (P/AP/H)
72,1594.9367088607596,4.403852789677729,0.07355156809668802,dKO,classified,16000,Classified (P/AP/H)
73,1645.5696202531644,4.39501400471424,0.07403665548336517,dKO,classified,16000,Classified (P/AP/H)
74,1696.2025316455697,4.409493327798595,0.07399691469022576,dKO,classified,16000,Classified (P/AP/H)
75,1746.8354430379745,4.439434566166202,0.07344515039244863,dKO,classified,16000,Classified (P/AP/H)
76,1797.4683544303798,4.441664973449558,0.07117777490279244,dKO,classified,16000,Classified (P/AP/H)
77,1848.1012658227846,4.4535686969366175,0.06914279893717722,dKO,classified,16000,Classified (P/AP/H)
78,1898.73417721519,4.469304242590865,0.06957275289219841,dKO,classified,16000,Classified (P/AP/H)
79,1949.3670886075947,4.477263190033336,0.07044649279853081,dKO,classified,16000,Classified (P/AP/H)
80,2000,4.489888046369404,0.07237217007565129,dKO,classified,16000,Classified (P/AP/H)
