ko,gene_name,gene_id,direction,log2FC,padj,is_lncRNA,plot
DHX36KO,Meis1,ENSMUSG00000020160,down,-3.122849053458939,2.046697984635691e-17,FALSE,top50
DHX36KO,Hck,ENSMUSG00000003283,down,-2.932433859895792,9.820277792213947e-19,FALSE,top50
DHX36KO,Spink1,ENSMUSG00000024503,down,-2.748439371303595,2.3059335833744567e-28,FALSE,top50
DHX36KO,Fam111a,ENSMUSG00000024691,down,-2.74533465810621,2.7920756000693547e-69,FALSE,top50
DHX36KO,Accsl,ENSMUSG00000075023,down,-2.700222457773893,8.183796258997241e-17,FALSE,top50
DHX36KO,Gli1,ENSMUSG00000025407,down,-2.5993613125390644,8.685261925186991e-17,FALSE,top50
DHX36KO,Fkbp6,ENSMUSG00000040013,down,-2.3780916981196887,9.44942320663564e-13,FALSE,top50
DHX36KO,Kctd16,ENSMUSG00000051401,down,-2.3506906913627836,8.237539974153749e-7,FALSE,top50
DHX36KO,Dpys,ENSMUSG00000022304,down,-2.3362366237685066,9.93463843526744e-28,FALSE,top50
DHX36KO,Dhx36,ENSMUSG00000027770,down,-2.315117224510382,2.2306557897393986e-54,FALSE,top50
DHX36KO,1500009C09Rik,ENSMUSG00000068099,down,-2.3004354581121125,1.2423240591856304e-5,FALSE,top50
DHX36KO,Myl9,ENSMUSG00000067818,down,-2.2891959564454987,2.145263494142646e-17,FALSE,top50
DHX36KO,Ulbp1,ENSMUSG00000079685,down,-2.152597172545777,3.626047983326474e-17,FALSE,top50
DHX36KO,Cited4,ENSMUSG00000070803,down,-2.077449583586928,7.749877146546769e-14,FALSE,top50
DHX36KO,H19,ENSMUSG00000000031,down,-2.0726919723758326,4.4242123194194926e-100,TRUE,top50
DHX36KO,Prdm1,ENSMUSG00000038151,down,-2.0445055378156907,1.767098926518159e-8,FALSE,top50
DHX36KO,Plac8,ENSMUSG00000029322,down,-2.0228140419080973,3.2583564032446207e-18,FALSE,top50
DHX36KO,Gm32885,ENSMUSG00000116295,down,-1.9703518162473044,3.607125906055736e-12,TRUE,top50
DHX36KO,Prkn,ENSMUSG00000023826,down,-1.9652104723905195,5.2389036650227174e-5,FALSE,top50
DHX36KO,Meg3,ENSMUSG00000021268,down,-1.8413761500877417,7.616894712832629e-52,TRUE,top50
DHX36KO,Pdgfc,ENSMUSG00000028019,down,-1.84019156265859,9.024257606420225e-8,FALSE,top50
DHX36KO,Gm13889,ENSMUSG00000087006,down,-1.8053168052794977,2.7343074514358655e-4,FALSE,top50
DHX36KO,Mobp,ENSMUSG00000032517,down,-1.8006464234270705,3.4278909200641525e-5,FALSE,top50
DHX36KO,Krt7,ENSMUSG00000023039,down,-1.755383249026674,1.1874418978028635e-28,FALSE,top50
DHX36KO,Synpo2l,ENSMUSG00000039376,down,-1.7486987717265878,3.205572026884993e-10,FALSE,top50
DHX36KO,Gstm2,ENSMUSG00000040562,down,-1.723662881905914,1.0053863386785264e-30,FALSE,top50
DHX36KO,Zfp503,ENSMUSG00000039081,down,-1.6676058693078364,2.490329523442369e-4,FALSE,top50
DHX36KO,Cth,ENSMUSG00000028179,down,-1.6490588837707976,6.970064442229922e-47,FALSE,top50
DHX36KO,Tgm1,ENSMUSG00000022218,down,-1.632421850830086,1.7143596600866632e-8,FALSE,top50
DHX36KO,4933402E13Rik,ENSMUSG00000045330,down,-1.608415616265917,3.0393431507228316e-4,FALSE,top50
DHX36KO,Lipg,ENSMUSG00000053846,down,-1.5863861104211965,1.5991569336889588e-6,FALSE,top50
DHX36KO,Mtmr11,ENSMUSG00000045934,down,-1.584029151156689,1.7458776014850187e-4,FALSE,top50
DHX36KO,Cdkn2c,ENSMUSG00000028551,down,-1.5451277797809002,5.73873214681074e-4,FALSE,top50
DHX36KO,Tmem144,ENSMUSG00000027956,down,-1.5394941891118243,1.5717079066005498e-5,FALSE,top50
DHX36KO,Wnt6,ENSMUSG00000033227,down,-1.5374036481910431,8.959493021852343e-7,FALSE,top50
DHX36KO,Pdcl2,ENSMUSG00000029235,down,-1.5140236300782841,8.274826688027546e-4,FALSE,top50
DHX36KO,Prr5l,ENSMUSG00000032841,down,-1.5124307672864876,3.804033408592695e-12,FALSE,top50
DHX36KO,Ntn1,ENSMUSG00000020902,down,-1.4992235197707435,2.8245015337676634e-13,FALSE,top50
DHX36KO,Cisd3,ENSMUSG00000078695,down,-1.4803881666784051,1.2525945385090935e-11,FALSE,top50
DHX36KO,Cited1,ENSMUSG00000051159,down,-1.459214729518268,3.406523805739681e-17,FALSE,top50
DHX36KO,Klhl13,ENSMUSG00000036782,down,-1.4568224458630694,6.808509743630908e-53,FALSE,top50
DHX36KO,Cxcl10,ENSMUSG00000034855,down,-1.4495937763004343,5.708509969236307e-12,FALSE,top50
DHX36KO,Sh3rf2,ENSMUSG00000057719,down,-1.4453164785526127,3.1623486988040337e-4,FALSE,top50
DHX36KO,Edn1,ENSMUSG00000021367,down,-1.4439605864448948,1.980908222748049e-9,FALSE,top50
DHX36KO,Tek,ENSMUSG00000006386,down,-1.431439453516465,3.375802437896401e-5,FALSE,top50
DHX36KO,Gsto1,ENSMUSG00000025068,down,-1.423620573264846,4.3612425185859065e-36,FALSE,top50
DHX36KO,AA986860,ENSMUSG00000042510,down,-1.410056740452584,0.00157910128949186,FALSE,top50
DHX36KO,Frk,ENSMUSG00000019779,down,-1.4091065977970787,0.00148190527287274,FALSE,top50
DHX36KO,Jakmip2,ENSMUSG00000024502,down,-1.406028240669864,0.00183065036985147,FALSE,top50
DHX36KO,Ly75,ENSMUSG00000026980,down,-1.3993639765414256,7.435774130880822e-11,FALSE,top50
DHX36KO,Pou4f3,ENSMUSG00000024497,up,2.711742174752182,7.173165183177751e-10,FALSE,top50
DHX36KO,Sema7a,ENSMUSG00000038264,up,2.6220979303370076,9.527604189707863e-11,FALSE,top50
DHX36KO,Tsx,ENSMUSG00000031329,up,2.5857212273663173,1.6066153678348069e-10,FALSE,top50
DHX36KO,Rhobtb1,ENSMUSG00000019944,up,2.4759464207736737,8.797306692996054e-9,FALSE,top50
DHX36KO,Cd37,ENSMUSG00000030798,up,2.451656786833273,1.374342537074454e-41,FALSE,top50
DHX36KO,Trh,ENSMUSG00000005892,up,2.3739000722324373,1.3836353235043445e-73,FALSE,top50
DHX36KO,Hapln4,ENSMUSG00000007594,up,2.312248411507117,9.443208126414596e-9,FALSE,top50
DHX36KO,Ldoc1,ENSMUSG00000057615,up,2.3005259543414036,1.372460619739838e-8,FALSE,top50
DHX36KO,Lgals7,ENSMUSG00000053522,up,2.295822440032749,5.128579306088926e-5,FALSE,top50
DHX36KO,Gm364,ENSMUSG00000079584,up,2.2503623834059368,7.799096143320772e-11,FALSE,top50
DHX36KO,Bcl11a,ENSMUSG00000000861,up,2.2485219049981575,6.0402360639635745e-9,FALSE,top50
DHX36KO,Otx2,ENSMUSG00000021848,up,2.1762822577491323,5.3392317890183736e-45,FALSE,top50
DHX36KO,1110019B22Rik,ENSMUSG00000112289,up,2.1238355059715532,5.7982964113911056e-5,TRUE,top50
DHX36KO,Usp17la,ENSMUSG00000054568,up,2.121856321776597,4.331431984206162e-11,FALSE,top50
DHX36KO,Igfbp5,ENSMUSG00000026185,up,2.112178388831147,3.413938653947481e-6,FALSE,top50
DHX36KO,Cxcl12,ENSMUSG00000061353,up,2.070575714276417,7.559991595423227e-11,FALSE,top50
DHX36KO,Uba1y,ENSMUSG00000069053,up,2.0329283526664517,1.6614581873527458e-11,FALSE,top50
DHX36KO,1700013H16Rik,ENSMUSG00000054727,up,2.0282914629344635,3.248769785185118e-13,FALSE,top50
DHX36KO,Car14,ENSMUSG00000038526,up,1.9847349867780772,2.042893648540613e-4,FALSE,top50
DHX36KO,Igsf21,ENSMUSG00000040972,up,1.9813315874565045,2.9611537199513716e-8,FALSE,top50
DHX36KO,Pfkp,ENSMUSG00000021196,up,1.96385771510553,3.898371135150145e-53,FALSE,top50
DHX36KO,Usp17lc,ENSMUSG00000058976,up,1.946311520337067,4.522801473423432e-19,FALSE,top50
DHX36KO,Npy,ENSMUSG00000029819,up,1.915390919970664,4.6958188052514507e-7,FALSE,top50
DHX36KO,Ccdc3,ENSMUSG00000026676,up,1.9124306724083977,6.859913533051598e-8,FALSE,top50
DHX36KO,Slc1a1,ENSMUSG00000024935,up,1.9059107498048684,4.3380575185828504e-6,FALSE,top50
DHX36KO,Lgr6,ENSMUSG00000042793,up,1.9035991800273304,2.478157119289964e-5,FALSE,top50
DHX36KO,Bmf,ENSMUSG00000040093,up,1.8979179893521736,7.325153207623245e-5,FALSE,top50
DHX36KO,Epas1,ENSMUSG00000024140,up,1.8909791058647176,1.6610951671392365e-22,FALSE,top50
DHX36KO,Prkcb,ENSMUSG00000052889,up,1.885839438797675,1.27280660535689e-5,FALSE,top50
DHX36KO,Zhx1,ENSMUSG00000022361,up,1.88206517305748,3.150979844509502e-13,FALSE,top50
DHX36KO,Psors1c2,ENSMUSG00000024409,up,1.8641293303735549,4.490135987995305e-46,FALSE,top50
DHX36KO,Parp12,ENSMUSG00000038507,up,1.8614810739773824,9.771643252736583e-10,FALSE,top50
DHX36KO,Srgn,ENSMUSG00000020077,up,1.8568848247183296,2.17420598531606e-8,FALSE,top50
DHX36KO,Gstp3,ENSMUSG00000058216,up,1.848611752293454,4.566129157947839e-8,FALSE,top50
DHX36KO,Elavl3,ENSMUSG00000003410,up,1.8436177612667424,4.9779486822958006e-14,FALSE,top50
DHX36KO,Sox17,ENSMUSG00000025902,up,1.8292106511842805,1.6174377833058876e-7,FALSE,top50
DHX36KO,Tspan1,ENSMUSG00000028699,up,1.828769771269921,3.770903710358817e-4,FALSE,top50
DHX36KO,C2cd5,ENSMUSG00000030279,up,1.81466212884627,6.666480166410235e-16,FALSE,top50
DHX36KO,Gm8016,ENSMUSG00000113050,up,1.8101010184684023,3.177982912686353e-6,TRUE,top50
DHX36KO,Apold1,ENSMUSG00000090698,up,1.799921727147583,1.0410822651017094e-4,FALSE,top50
DHX36KO,Defb30,ENSMUSG00000075571,up,1.7955486075678444,7.963474166825075e-9,FALSE,top50
DHX36KO,Gm49432,ENSMUSG00000115907,up,1.795440473363375,4.395572506506104e-4,TRUE,top50
DHX36KO,Foxa1,ENSMUSG00000035451,up,1.7863617631335569,8.565483470330836e-9,FALSE,top50
DHX36KO,Gm17322,ENSMUSG00000097604,up,1.7763908187259687,2.987363498998101e-6,TRUE,top50
DHX36KO,Rimbp2,ENSMUSG00000029420,up,1.773079856122244,6.838456894877588e-8,FALSE,top50
DHX36KO,Uty,ENSMUSG00000068457,up,1.7691666604103653,3.727021662316718e-5,FALSE,top50
DHX36KO,Trim43a,ENSMUSG00000090693,up,1.7659887282646622,8.155273825398006e-5,FALSE,top50
DHX36KO,Ccdc184,ENSMUSG00000029875,up,1.7639509583784692,5.591305493110946e-6,FALSE,top50
DHX36KO,Crabp2,ENSMUSG00000004885,up,1.7587369250756657,3.626047983326474e-17,FALSE,top50
DHX36KO,Adgrl3,ENSMUSG00000037605,up,1.7535515360378324,8.418320768008991e-5,FALSE,top50
DHX36KO,H19,ENSMUSG00000000031,down,-2.0726919723758326,4.4242123194194926e-100,TRUE,lncRNA
DHX36KO,Gm32885,ENSMUSG00000116295,down,-1.9703518162473044,3.607125906055736e-12,TRUE,lncRNA
DHX36KO,Meg3,ENSMUSG00000021268,down,-1.8413761500877417,7.616894712832629e-52,TRUE,lncRNA
DHX36KO,Mirg,ENSMUSG00000097391,down,-1.2590199212283617,1.5522472608540178e-12,TRUE,lncRNA
DHX36KO,Rian,ENSMUSG00000097451,down,-1.093107515483115,8.710945032598714e-7,TRUE,lncRNA
DHX36KO,2900052L18Rik,ENSMUSG00000043993,down,-1.0880632659750988,0.00102563492552397,TRUE,lncRNA
DHX36KO,Snhg3,ENSMUSG00000085241,down,-1.0224752183645145,1.1769289653985152e-5,TRUE,lncRNA
DHX36KO,Gm20939,ENSMUSG00000095193,down,-0.99193150344044,9.412380400771064e-4,TRUE,lncRNA
DHX36KO,B830012L14Rik,ENSMUSG00000098202,down,-0.9669825187708404,4.859456855005945e-6,TRUE,lncRNA
DHX36KO,Lncenc1,ENSMUSG00000078952,down,-0.688307076068364,1.2298501849851904e-14,TRUE,lncRNA
DHX36KO,2310043M15Rik,ENSMUSG00000097768,down,-0.6814340631350411,0.02562676161269331,TRUE,lncRNA
DHX36KO,1700097N02Rik,ENSMUSG00000099474,down,-0.6511758088021433,1.528297176256416e-4,TRUE,lncRNA
DHX36KO,Platr30,ENSMUSG00000097851,down,-0.6289087675362555,0.03541010352618603,TRUE,lncRNA
DHX36KO,Gm38414,ENSMUSG00000109704,down,-0.6274292910789918,0.00942333964442012,TRUE,lncRNA
DHX36KO,Gm26873,ENSMUSG00000097379,down,-0.5557106267351437,0.03006568443376272,TRUE,lncRNA
DHX36KO,BC065397,ENSMUSG00000087368,down,-0.5396129490415748,0.04288351992292806,TRUE,lncRNA
DHX36KO,R74862,ENSMUSG00000059277,down,-0.5324169849871891,0.04662175081124315,TRUE,lncRNA
DHX36KO,Gm17210,ENSMUSG00000090459,down,-0.5188188460371936,0.04674075500103753,TRUE,lncRNA
DHX36KO,Gm11772,ENSMUSG00000085501,down,-0.5065000745820389,0.04287215596287346,TRUE,lncRNA
DHX36KO,1110019B22Rik,ENSMUSG00000112289,up,2.1238355059715532,5.7982964113911056e-5,TRUE,lncRNA
DHX36KO,Gm8016,ENSMUSG00000113050,up,1.8101010184684023,3.177982912686353e-6,TRUE,lncRNA
DHX36KO,Gm49432,ENSMUSG00000115907,up,1.795440473363375,4.395572506506104e-4,TRUE,lncRNA
DHX36KO,Gm17322,ENSMUSG00000097604,up,1.7763908187259687,2.987363498998101e-6,TRUE,lncRNA
DHX36KO,Gm44421,ENSMUSG00000107451,up,1.6687144854607223,5.776332424023118e-4,TRUE,lncRNA
DHX36KO,2810454H06Rik,ENSMUSG00000100876,up,1.648591122500955,4.1285785217522475e-5,TRUE,lncRNA
DHX36KO,Gm30228,ENSMUSG00000112206,up,1.5937142002559948,8.460764079425255e-5,TRUE,lncRNA
DHX36KO,Platr26,ENSMUSG00000064263,up,1.5431912336580462,1.6171699172215867e-10,TRUE,lncRNA
DHX36KO,Gm20234,ENSMUSG00000111713,up,1.1410885971746436,8.896017185663302e-4,TRUE,lncRNA
DHX36KO,Gm48168,ENSMUSG00000113955,up,1.037023377381994,7.810197468637166e-8,TRUE,lncRNA
DHX36KO,Nphs1os,ENSMUSG00000087009,up,1.033668599466445,0.00594962070368227,TRUE,lncRNA
DHX36KO,Platr4,ENSMUSG00000097639,up,0.9816024383716804,1.1960299278565052e-4,TRUE,lncRNA
DHX36KO,1700096K18Rik,ENSMUSG00000101856,up,0.9623517526188656,0.00290385261319668,TRUE,lncRNA
DHX36KO,8430430B14Rik,ENSMUSG00000117431,up,0.9564521034198769,0.00840700254152801,TRUE,lncRNA
DHX36KO,1700008J07Rik,ENSMUSG00000101225,up,0.9383538495397168,0.00451711318173235,TRUE,lncRNA
DHX36KO,Gm26754,ENSMUSG00000114616,up,0.9209973714399304,0.00166373009134049,TRUE,lncRNA
DHX36KO,C430049B03Rik,ENSMUSG00000087365,up,0.90608967062121,0.00344717194151127,TRUE,lncRNA
DHX36KO,2510046G10Rik,ENSMUSG00000066175,up,0.862371277030616,0.00666077303715881,TRUE,lncRNA
DHX36KO,2610035F20Rik,ENSMUSG00000085555,up,0.8549640656676959,0.0034649458964853,TRUE,lncRNA
DHX36KO,Gm10244,ENSMUSG00000068601,up,0.8282472074070842,0.01503805625449948,TRUE,lncRNA
DHX36KO,Platr7,ENSMUSG00000097076,up,0.8202449289966184,0.00304575927743876,TRUE,lncRNA
DHX36KO,Gm26982,ENSMUSG00000097994,up,0.817477122991396,0.003598048136458,TRUE,lncRNA
DHX36KO,C78283,ENSMUSG00000106968,up,0.8104901182359872,0.01600790824490108,TRUE,lncRNA
DHX36KO,3110083C13Rik,ENSMUSG00000097303,up,0.7778725142813248,0.01316744971340657,TRUE,lncRNA
DHX36KO,4930461G14Rik,ENSMUSG00000097651,up,0.7616120529628135,0.00458666814369531,TRUE,lncRNA
DHX36KO,Gm26639,ENSMUSG00000097562,up,0.7473774934708993,8.795474908698005e-4,TRUE,lncRNA
DHX36KO,Gm29737,ENSMUSG00000116705,up,0.7316744697495602,0.01470258449786777,TRUE,lncRNA
DHX36KO,Gm16861,ENSMUSG00000097397,up,0.7058696095991825,0.02417120698084778,TRUE,lncRNA
DHX36KO,Gm2694,ENSMUSG00000097248,up,0.6936130925748222,0.00108008815380936,TRUE,lncRNA
DHX36KO,Gm28826,ENSMUSG00000101447,up,0.6237875928539129,0.0352121606174725,TRUE,lncRNA
DHX36KO,Peg13,ENSMUSG00000106847,up,0.6129125136588957,0.0177839837326862,TRUE,lncRNA
DHX36KO,Gm26806,ENSMUSG00000097483,up,0.6078308245563118,0.00397531982017728,TRUE,lncRNA
DHX36KO,Gm14929,ENSMUSG00000086431,up,0.5716231314917678,0.04623277200068198,TRUE,lncRNA
DHX36KO,Gm36660,ENSMUSG00000111933,up,0.5692285181858869,0.01596452973781771,TRUE,lncRNA
DHX36KO,Gm48170,ENSMUSG00000113135,up,0.5680238181757675,0.04296060950119401,TRUE,lncRNA
DHX36KO,Gm10482,ENSMUSG00000073226,up,0.5616070995013528,0.04713254003049125,TRUE,lncRNA
DHX36KO,Gm13964,ENSMUSG00000087106,up,0.5484661225820606,0.04467986566462369,TRUE,lncRNA
DHX36KO,Gm29361,ENSMUSG00000099708,up,0.5403750006531385,0.04647308366727546,TRUE,lncRNA
DHX36KO,2900060B14Rik,ENSMUSG00000107722,up,0.5364257373891484,0.03555586750487685,TRUE,lncRNA
DHX36KO,Mir17hg,ENSMUSG00000089726,up,0.5353161286856337,1.1289985645270633e-4,TRUE,lncRNA
DHX36KO,Gm47283,ENSMUSG00000096768,up,0.5292945934722458,5.269926848620948e-7,TRUE,lncRNA
DHX36KO,Gm13335,ENSMUSG00000085477,up,0.5119076475677471,0.03317507533474211,TRUE,lncRNA
FANCJKO,Brip1os,ENSMUSG00000085208,down,-4.4797695769902175,7.280462595649703e-19,TRUE,top50
FANCJKO,Brip1,ENSMUSG00000034329,down,-4.052569862230924,3.740369062978676e-9,FALSE,top50
FANCJKO,T,ENSMUSG00000062327,down,-2.2080689953576815,7.351467736926915e-11,FALSE,top50
FANCJKO,Dppa3,ENSMUSG00000046323,down,-1.4670563130325636,6.982148931758247e-13,FALSE,top50
FANCJKO,Mirg,ENSMUSG00000097391,down,-0.7530181999896072,3.2539038112877154e-5,TRUE,top50
FANCJKO,Sp5,ENSMUSG00000075304,down,-0.7500286869239555,0.00119019461203708,FALSE,top50
FANCJKO,Pmel,ENSMUSG00000025359,down,-0.7244477140214672,0.00551431725296664,FALSE,top50
FANCJKO,Fam98c,ENSMUSG00000030590,down,-0.693310201051709,2.9951378895686658e-6,FALSE,top50
FANCJKO,Lefty2,ENSMUSG00000066652,down,-0.6885450628397904,3.282527036549421e-4,FALSE,top50
FANCJKO,Meg3,ENSMUSG00000021268,down,-0.6646192057499104,1.1124221575522037e-7,TRUE,top50
FANCJKO,H2-Q7,ENSMUSG00000060550,down,-0.6624323665741411,0.00469695503244581,FALSE,top50
FANCJKO,Egr1,ENSMUSG00000038418,down,-0.649452827837722,4.681596958047416e-4,FALSE,top50
FANCJKO,Bdh1,ENSMUSG00000046598,down,-0.6355827944697593,9.261943499284348e-4,FALSE,top50
FANCJKO,Sox15,ENSMUSG00000041287,down,-0.6094119058301315,2.315195004743917e-5,FALSE,top50
FANCJKO,Bcl3,ENSMUSG00000053175,down,-0.5948612281201455,8.672086333653652e-5,FALSE,top50
FANCJKO,Hmces,ENSMUSG00000030060,down,-0.5945609151874679,8.138575515055513e-4,FALSE,top50
FANCJKO,Pold2,ENSMUSG00000020471,down,-0.5350720753623726,5.9370386411233864e-5,FALSE,top50
FANCJKO,Hspa1b,ENSMUSG00000090877,down,-0.5333592181404915,9.74008802749102e-7,FALSE,top50
FANCJKO,Thoc5,ENSMUSG00000034274,down,-0.5321751434126898,2.1842722159448336e-4,FALSE,top50
FANCJKO,Porcn,ENSMUSG00000031169,down,-0.5073142431518882,0.00119475070065973,FALSE,top50
FANCJKO,Rasgrp2,ENSMUSG00000032946,down,-0.5066318819020962,0.00469695503244581,FALSE,top50
FANCJKO,Gm26901,ENSMUSG00000097797,down,-0.5048620943120871,0.01487944543814458,TRUE,top50
FANCJKO,Sh3bp1,ENSMUSG00000022436,down,-0.5024411475195139,0.00595284656731084,FALSE,top50
FANCJKO,Srgn,ENSMUSG00000020077,up,3.314493570514258,1.2049284441682763e-21,FALSE,top50
FANCJKO,Sox17,ENSMUSG00000025902,up,2.298449112965429,1.4513038670494108e-8,FALSE,top50
FANCJKO,Xlr3b,ENSMUSG00000073125,up,2.267158624972773,3.222186725497833e-11,FALSE,top50
FANCJKO,H19,ENSMUSG00000000031,up,2.0800433176817705,1.234791948658559e-129,TRUE,top50
FANCJKO,Xlr3c,ENSMUSG00000058147,up,1.994654049133991,5.7759118828064064e-6,FALSE,top50
FANCJKO,Plagl1,ENSMUSG00000019817,up,1.940035053126949,7.573364794364683e-30,FALSE,top50
FANCJKO,Xlr4b,ENSMUSG00000067768,up,1.7300670319030351,2.1845922143005303e-4,FALSE,top50
FANCJKO,Gm10722,ENSMUSG00000091028,up,1.5177673718938776,0.00158570293444005,FALSE,top50
FANCJKO,Ddx3y,ENSMUSG00000069045,up,1.2855226964293864,2.0095161945118626e-10,FALSE,top50
FANCJKO,Gm525,ENSMUSG00000072553,up,1.0760191291015575,0.00102688032731053,FALSE,top50
FANCJKO,Gm5039,ENSMUSG00000093847,up,1.0711291451707825,2.0901254910204808e-8,FALSE,top50
FANCJKO,Efhc2,ENSMUSG00000025038,up,0.9467309183220262,0.00330992058628401,FALSE,top50
FANCJKO,Vgf,ENSMUSG00000037428,up,0.8732653818513747,1.804923871285424e-15,FALSE,top50
FANCJKO,Ptgs2,ENSMUSG00000032487,up,0.8427421337325641,8.387310851303717e-4,FALSE,top50
FANCJKO,Serpine1,ENSMUSG00000037411,up,0.8147805575542977,4.048064355083077e-18,FALSE,top50
FANCJKO,Col4a1,ENSMUSG00000031502,up,0.8011729209180727,1.080959856751169e-9,FALSE,top50
FANCJKO,Zrsr1,ENSMUSG00000044068,up,0.7967613410514442,4.170510665531094e-7,FALSE,top50
FANCJKO,Peg3,ENSMUSG00000002265,up,0.7883859538666879,2.164428188409107e-9,FALSE,top50
FANCJKO,Col4a2,ENSMUSG00000031503,up,0.7567876710767721,2.106255799643498e-9,FALSE,top50
FANCJKO,Cryab,ENSMUSG00000032060,up,0.7513569787085007,4.646583203710396e-12,FALSE,top50
FANCJKO,Capn6,ENSMUSG00000067276,up,0.74582912822119,8.387310851303717e-4,FALSE,top50
FANCJKO,Igfbp4,ENSMUSG00000017493,up,0.7397600524268337,2.895088420325862e-5,FALSE,top50
FANCJKO,Serpine2,ENSMUSG00000026249,up,0.7309676465859284,1.0480996375975195e-4,FALSE,top50
FANCJKO,Xlr3a,ENSMUSG00000057836,up,0.7261596520031856,2.1174372643025985e-4,FALSE,top50
FANCJKO,Dab2,ENSMUSG00000022150,up,0.6859548113683216,3.751910349950772e-5,FALSE,top50
FANCJKO,Pbx1,ENSMUSG00000052534,up,0.6709398786961128,2.1120743209344086e-7,FALSE,top50
FANCJKO,Pmp22,ENSMUSG00000018217,up,0.6637862609931429,3.992564968985203e-9,FALSE,top50
FANCJKO,Cxcl12,ENSMUSG00000061353,up,0.6624755877159813,0.0056273363178802,FALSE,top50
FANCJKO,Pou4f3,ENSMUSG00000024497,up,0.6502805523423588,0.00967509917551895,FALSE,top50
FANCJKO,Cubn,ENSMUSG00000026726,up,0.6298466604251343,0.01303308400717365,FALSE,top50
FANCJKO,Gask1b,ENSMUSG00000027955,up,0.611891328693646,7.298361773542073e-4,FALSE,top50
FANCJKO,9130024F11Rik,ENSMUSG00000087022,up,0.5912272024468916,0.01454093969342108,TRUE,top50
FANCJKO,Aif1l,ENSMUSG00000001864,up,0.5863715803294082,3.697524035928663e-5,FALSE,top50
FANCJKO,Atp1a3,ENSMUSG00000040907,up,0.5799826298880157,0.0066811127635141,FALSE,top50
FANCJKO,Vgll3,ENSMUSG00000091243,up,0.5750744632084595,4.8181451680671435e-4,FALSE,top50
FANCJKO,Mdm2,ENSMUSG00000020184,up,0.5733939680581605,1.080959856751169e-9,FALSE,top50
FANCJKO,Btg1,ENSMUSG00000036478,up,0.5727650396542338,0.00217875948457032,FALSE,top50
FANCJKO,Polk,ENSMUSG00000021668,up,0.5724067418538262,1.766317685931729e-4,FALSE,top50
FANCJKO,Usp17lc,ENSMUSG00000058976,up,0.5714253618423156,0.00511125724729231,FALSE,top50
FANCJKO,Mbnl2,ENSMUSG00000022139,up,0.5705170592465113,3.6222681279091e-4,FALSE,top50
FANCJKO,Fam219a,ENSMUSG00000028439,up,0.5696663287515649,0.00209434625456336,FALSE,top50
FANCJKO,Egfr,ENSMUSG00000020122,up,0.5636145357820834,0.00196440488927084,FALSE,top50
FANCJKO,Gm5662,ENSMUSG00000079029,up,0.5595804873143319,0.0015819296255437,FALSE,top50
FANCJKO,Crim1,ENSMUSG00000024074,up,0.5566515783912714,0.00167384653921082,FALSE,top50
FANCJKO,Gm10800,ENSMUSG00000075014,up,0.5500959736442672,0.01608955691981069,FALSE,top50
FANCJKO,Emp1,ENSMUSG00000030208,up,0.5480867465152888,1.1124221575522037e-7,FALSE,top50
FANCJKO,Fos,ENSMUSG00000021250,up,0.5428561977865752,0.0046186075283907,FALSE,top50
FANCJKO,Zhx1,ENSMUSG00000022361,up,0.5273266977301156,0.00956702771706336,FALSE,top50
FANCJKO,Lama1,ENSMUSG00000032796,up,0.524927824399715,0.00790811741209203,FALSE,top50
FANCJKO,Tspan9,ENSMUSG00000030352,up,0.522860325546119,8.936534043754957e-12,FALSE,top50
FANCJKO,Brip1os,ENSMUSG00000085208,down,-4.4797695769902175,7.280462595649703e-19,TRUE,lncRNA
FANCJKO,Mirg,ENSMUSG00000097391,down,-0.7530181999896072,3.2539038112877154e-5,TRUE,lncRNA
FANCJKO,Meg3,ENSMUSG00000021268,down,-0.6646192057499104,1.1124221575522037e-7,TRUE,lncRNA
FANCJKO,Gm26901,ENSMUSG00000097797,down,-0.5048620943120871,0.01487944543814458,TRUE,lncRNA
FANCJKO,H19,ENSMUSG00000000031,up,2.0800433176817705,1.234791948658559e-129,TRUE,lncRNA
FANCJKO,9130024F11Rik,ENSMUSG00000087022,up,0.5912272024468916,0.01454093969342108,TRUE,lncRNA
dKO,Brip1,ENSMUSG00000034329,down,-3.655700829160749,1.0440778384005165e-16,FALSE,top50
dKO,Ppbp,ENSMUSG00000029372,down,-3.196800966132954,5.910552155450247e-33,FALSE,top50
dKO,Brip1os,ENSMUSG00000085208,down,-3.103133567265263,1.6389878658422565e-23,TRUE,top50
dKO,Myl9,ENSMUSG00000067818,down,-3.080783123942297,5.527693817478573e-29,FALSE,top50
dKO,Gli1,ENSMUSG00000025407,down,-3.0250663117018877,4.1587710430330774e-23,FALSE,top50
dKO,Acta2,ENSMUSG00000035783,down,-2.9678076899372527,4.0220316764865376e-183,FALSE,top50
dKO,Pcdh18,ENSMUSG00000037892,down,-2.959774642726826,4.572846911407868e-25,FALSE,top50
dKO,Sp5,ENSMUSG00000075304,down,-2.693756347563631,3.108278050482689e-23,FALSE,top50
dKO,Zfp503,ENSMUSG00000039081,down,-2.67300646969602,2.031673893395662e-7,FALSE,top50
dKO,Col1a1,ENSMUSG00000001506,down,-2.5637095488250647,1.2601829319233249e-93,FALSE,top50
dKO,Mab21l4,ENSMUSG00000034159,down,-2.5110018303268675,1.4104093577323934e-19,FALSE,top50
dKO,Cav1,ENSMUSG00000007655,down,-2.453514788897488,3.2301298340316646e-16,FALSE,top50
dKO,Fgf17,ENSMUSG00000022101,down,-2.4311797181430994,5.225795336643482e-10,FALSE,top50
dKO,Nkx1-2,ENSMUSG00000048528,down,-2.4095896623757387,1.2161403729856888e-5,FALSE,top50
dKO,AA986860,ENSMUSG00000042510,down,-2.401453492885355,1.085732483918562e-5,FALSE,top50
dKO,Cxcl10,ENSMUSG00000034855,down,-2.398391493678635,1.0994712671987034e-29,FALSE,top50
dKO,Synpo2l,ENSMUSG00000039376,down,-2.382137519441828,4.1694688214697244e-18,FALSE,top50
dKO,Krtdap,ENSMUSG00000074199,down,-2.32629043762958,2.8589212309634596e-10,FALSE,top50
dKO,Gna14,ENSMUSG00000024697,down,-2.3131349648116406,1.8367735200023173e-7,FALSE,top50
dKO,Tacstd2,ENSMUSG00000051397,down,-2.2992536713358,7.741295520176159e-46,FALSE,top50
dKO,Tagln,ENSMUSG00000032085,down,-2.298115164394806,7.180916426643138e-102,FALSE,top50
dKO,Spink1,ENSMUSG00000024503,down,-2.2089741697272154,1.1448507102248559e-25,FALSE,top50
dKO,Fam111a,ENSMUSG00000024691,down,-2.205466184498118,1.9169564990320377e-57,FALSE,top50
dKO,Cyp1b1,ENSMUSG00000024087,down,-2.1902977909800097,7.66020688205382e-11,FALSE,top50
dKO,Il24,ENSMUSG00000026420,down,-2.16106134165619,7.561721246097087e-16,FALSE,top50
dKO,Wls,ENSMUSG00000028173,down,-2.083243406135676,1.545988801628098e-54,FALSE,top50
dKO,Tmprss2,ENSMUSG00000000385,down,-2.0763307017135224,4.796818199921396e-8,FALSE,top50
dKO,Gbp7,ENSMUSG00000040253,down,-2.0604614918795336,4.450699006667075e-7,FALSE,top50
dKO,Wnt3,ENSMUSG00000000125,down,-2.0489807301068974,1.1136803781344631e-9,FALSE,top50
dKO,Actc1,ENSMUSG00000068614,down,-2.0474455367165993,8.873079391995905e-15,FALSE,top50
dKO,Psmb8,ENSMUSG00000024338,down,-2.0472362540350924,6.207101650642939e-6,FALSE,top50
dKO,Fras1,ENSMUSG00000034687,down,-2.026642743810333,7.61721050628153e-7,FALSE,top50
dKO,Krt14,ENSMUSG00000045545,down,-2.025566094187418,3.446903678913664e-5,FALSE,top50
dKO,Acta1,ENSMUSG00000031972,down,-2.018901871035174,5.926983738049427e-59,FALSE,top50
dKO,Nexn,ENSMUSG00000039103,down,-2.0112330546417874,1.4361543631828023e-11,FALSE,top50
dKO,Inhba,ENSMUSG00000041324,down,-1.9874719104349972,5.063856873695652e-7,FALSE,top50
dKO,Fam149a,ENSMUSG00000070044,down,-1.979901936244812,1.558809727678547e-6,FALSE,top50
dKO,Nnat,ENSMUSG00000067786,down,-1.9728431953375032,5.344633448061995e-49,FALSE,top50
dKO,Itpkb,ENSMUSG00000038855,down,-1.9697544074139424,1.5482923226637237e-13,FALSE,top50
dKO,Hck,ENSMUSG00000003283,down,-1.964515841435755,6.161303821217888e-14,FALSE,top50
dKO,Fndc3c1,ENSMUSG00000033737,down,-1.944319187021459,2.3645889057538527e-19,FALSE,top50
dKO,Dhx36,ENSMUSG00000027770,down,-1.9299546389269435,3.316682500227381e-46,FALSE,top50
dKO,Gsto1,ENSMUSG00000025068,down,-1.9218620131151665,1.5190340222954986e-66,FALSE,top50
dKO,Cdx2,ENSMUSG00000029646,down,-1.9138071198387363,2.395254965063649e-7,FALSE,top50
dKO,Cited1,ENSMUSG00000051159,down,-1.9121460024805843,5.9795033906116385e-30,FALSE,top50
dKO,Cnn1,ENSMUSG00000001349,down,-1.9082644431294271,1.4921919923936251e-22,FALSE,top50
dKO,Slit3,ENSMUSG00000056427,down,-1.884216752996002,6.860866300664653e-6,FALSE,top50
dKO,Irf2,ENSMUSG00000031627,down,-1.8812841739644188,1.7493062134549933e-8,FALSE,top50
dKO,Jakmip2,ENSMUSG00000024502,down,-1.8780807640245176,2.352406566617312e-4,FALSE,top50
dKO,Krt8,ENSMUSG00000049382,down,-1.8774017682642536,1.0425294348477686e-71,FALSE,top50
dKO,Gm364,ENSMUSG00000079584,up,3.9301039811582967,1.7932743178129927e-30,FALSE,top50
dKO,Megf11,ENSMUSG00000036466,up,3.5888901654244294,4.231732721848491e-6,FALSE,top50
dKO,Olfr1459,ENSMUSG00000057503,up,3.534691722739368,2.7215440375479293e-8,FALSE,top50
dKO,1700013H16Rik,ENSMUSG00000054727,up,3.4999664975920504,1.8339774989793488e-38,FALSE,top50
dKO,Lrrc15,ENSMUSG00000052316,up,3.2179658070930315,1.3193171305839924e-5,FALSE,top50
dKO,Ryr3,ENSMUSG00000057378,up,3.118518106747657,8.714960722002966e-9,FALSE,top50
dKO,Gm10722,ENSMUSG00000091028,up,3.07126843230361,1.6266826775586605e-5,FALSE,top50
dKO,Cd37,ENSMUSG00000030798,up,3.0424549554601237,8.955270275613848e-65,FALSE,top50
dKO,Slc1a1,ENSMUSG00000024935,up,3.0115136992903286,3.490417870154361e-13,FALSE,top50
dKO,Xlr3c,ENSMUSG00000058147,up,2.989314759115387,2.1361838578745208e-17,FALSE,top50
dKO,Srgn,ENSMUSG00000020077,up,2.8452889205247556,5.6040546455338305e-19,FALSE,top50
dKO,Gm10800,ENSMUSG00000075014,up,2.8265191139363353,5.844645796038489e-6,FALSE,top50
dKO,Ly6k,ENSMUSG00000044678,up,2.809420645365837,8.408186224367154e-6,FALSE,top50
dKO,Tsx,ENSMUSG00000031329,up,2.763979978963784,6.3206575742124825e-12,FALSE,top50
dKO,Sema7a,ENSMUSG00000038264,up,2.693525068565286,2.2321221815125467e-11,FALSE,top50
dKO,Gm10801,ENSMUSG00000075015,up,2.6243344604094565,1.4059767547427777e-5,FALSE,top50
dKO,Otx2,ENSMUSG00000021848,up,2.5582877293187227,1.1507479701460829e-63,FALSE,top50
dKO,Gm10719,ENSMUSG00000095547,up,2.5407086844686892,3.5197391732110585e-5,FALSE,top50
dKO,Xlr5c,ENSMUSG00000067764,up,2.513154080387563,1.561581013589629e-5,FALSE,top50
dKO,1110019B22Rik,ENSMUSG00000112289,up,2.4761146462127708,5.953713098307722e-6,TRUE,top50
dKO,Tspan1,ENSMUSG00000028699,up,2.4438167636598203,6.209607868110561e-5,FALSE,top50
dKO,C78283,ENSMUSG00000106968,up,2.42682577400998,1.092346051146217e-6,TRUE,top50
dKO,Mep1b,ENSMUSG00000024313,up,2.4135292881606305,1.8672231136818085e-13,FALSE,top50
dKO,A730046J19Rik,ENSMUSG00000085139,up,2.41116569437349,1.175133161918372e-4,FALSE,top50
dKO,Adgrg6,ENSMUSG00000039116,up,2.3292120581699924,1.4658743083320388e-4,FALSE,top50
dKO,Ldoc1,ENSMUSG00000057615,up,2.32542740281411,3.6355774905435004e-9,FALSE,top50
dKO,Xlr3b,ENSMUSG00000073125,up,2.287009108071504,5.203081307959578e-15,FALSE,top50
dKO,Efcab1,ENSMUSG00000068617,up,2.2573686421700443,1.8743797523121213e-4,FALSE,top50
dKO,Gm21738,ENSMUSG00000095280,up,2.2348006994962235,9.444509139918548e-5,FALSE,top50
dKO,Ak4,ENSMUSG00000028527,up,2.217830068835442,1.5619526089555335e-88,FALSE,top50
dKO,A930004D18Rik,ENSMUSG00000054057,up,2.216204820082579,8.187873155637317e-7,FALSE,top50
dKO,Bmf,ENSMUSG00000040093,up,2.214380888388513,3.733771895141187e-6,FALSE,top50
dKO,Gm11168,ENSMUSG00000096385,up,2.199066225238166,2.848496995931632e-5,FALSE,top50
dKO,Rhobtb1,ENSMUSG00000019944,up,2.187337257822469,1.73514444514626e-7,FALSE,top50
dKO,Col9a2,ENSMUSG00000028626,up,2.1661538549694144,2.6495410369107056e-24,FALSE,top50
dKO,Hal,ENSMUSG00000020017,up,2.131599137631754,5.637609079046577e-7,FALSE,top50
dKO,Ccdc184,ENSMUSG00000029875,up,2.121679673558177,1.8839893625905276e-8,FALSE,top50
dKO,Penk,ENSMUSG00000045573,up,2.118586467978974,2.026505000170912e-6,FALSE,top50
dKO,Acaa2,ENSMUSG00000036880,up,2.0664487577928656,1.9381665955200382e-26,FALSE,top50
dKO,Xlr4b,ENSMUSG00000067768,up,2.06542319264183,4.191883226562726e-8,FALSE,top50
dKO,Pfkp,ENSMUSG00000021196,up,2.049919934856136,1.2360523812278133e-59,FALSE,top50
dKO,Aqp3,ENSMUSG00000028435,up,2.0488087918509215,5.058526680227096e-24,FALSE,top50
dKO,Platr7,ENSMUSG00000097076,up,2.047976795984503,6.674144826805412e-12,TRUE,top50
dKO,Defb30,ENSMUSG00000075571,up,2.0359496672092536,1.1392247422298704e-11,FALSE,top50
dKO,Ddx3y,ENSMUSG00000069045,up,1.996849110834945,5.201142566365586e-28,FALSE,top50
dKO,Tns1,ENSMUSG00000055322,up,1.9943308685108752,1.741623928639397e-12,FALSE,top50
dKO,Xlr4c,ENSMUSG00000031362,up,1.9899579161565255,2.180248765981802e-4,FALSE,top50
dKO,Treml2,ENSMUSG00000071068,up,1.9856528752157976,2.9956732570523712e-5,FALSE,top50
dKO,Epas1,ENSMUSG00000024140,up,1.9678103423522064,1.2807239507829427e-25,FALSE,top50
dKO,Pacsin1,ENSMUSG00000040276,up,1.958191885003781,5.8900711882506446e-15,FALSE,top50
dKO,Brip1os,ENSMUSG00000085208,down,-3.103133567265263,1.6389878658422565e-23,TRUE,lncRNA
dKO,Gm13546,ENSMUSG00000086862,down,-1.7668293931984855,7.742259255020347e-4,TRUE,lncRNA
dKO,Morrbid,ENSMUSG00000074813,down,-1.4653707046260296,6.27655579506102e-8,TRUE,lncRNA
dKO,1700097N02Rik,ENSMUSG00000099474,down,-1.390407148866836,2.3909529301123024e-15,TRUE,lncRNA
dKO,Gm11772,ENSMUSG00000085501,down,-1.2794158904262314,1.3954527362764605e-4,TRUE,lncRNA
dKO,Gm46332,ENSMUSG00000112819,down,-1.2075995932360637,8.868984103345755e-16,TRUE,lncRNA
dKO,Platr30,ENSMUSG00000097851,down,-1.15882828702208,0.00753091647374058,TRUE,lncRNA
dKO,4933412E12Rik,ENSMUSG00000112627,down,-1.097987108879349,0.00161095780042376,TRUE,lncRNA
dKO,1810019D21Rik,ENSMUSG00000086390,down,-1.078564110281606,0.00158395527439195,TRUE,lncRNA
dKO,Ifi30,ENSMUSG00000031838,down,-1.0486284621854296,7.032373544783068e-9,TRUE,lncRNA
dKO,Gm26901,ENSMUSG00000097797,down,-0.9828153852889424,0.00433372260846478,TRUE,lncRNA
dKO,Gm9873,ENSMUSG00000052368,down,-0.96549938975863,0.00919138393176022,TRUE,lncRNA
dKO,2310014F06Rik,ENSMUSG00000085945,down,-0.928950155481731,0.01552852551582932,TRUE,lncRNA
dKO,Gm26652,ENSMUSG00000097497,down,-0.839924491138431,0.02564593020619554,TRUE,lncRNA
dKO,Meg3,ENSMUSG00000021268,down,-0.8385515401186817,2.091109761544806e-12,TRUE,lncRNA
dKO,Mir124a-1hg,ENSMUSG00000097545,down,-0.8099967835325446,0.01237410567719215,TRUE,lncRNA
dKO,Mir100hg,ENSMUSG00000074415,down,-0.8051042916064868,0.02588039185156707,TRUE,lncRNA
dKO,R74862,ENSMUSG00000059277,down,-0.7896993634371107,0.01619325006494763,TRUE,lncRNA
dKO,Firre,ENSMUSG00000085396,down,-0.7202120600801071,4.595448882435254e-9,TRUE,lncRNA
dKO,Gm10076,ENSMUSG00000060143,down,-0.6162466652506333,0.0023315819004996,TRUE,lncRNA
dKO,4933439C10Rik,ENSMUSG00000072893,down,-0.6032732525582534,0.03065581862698457,TRUE,lncRNA
dKO,2500002B13Rik,ENSMUSG00000096917,down,-0.5586428241395154,0.00568209439221775,TRUE,lncRNA
dKO,2010204K13Rik,ENSMUSG00000063018,down,-0.5426360868491055,7.274361582041622e-6,TRUE,lncRNA
dKO,1110019B22Rik,ENSMUSG00000112289,up,2.4761146462127708,5.953713098307722e-6,TRUE,lncRNA
dKO,C78283,ENSMUSG00000106968,up,2.42682577400998,1.092346051146217e-6,TRUE,lncRNA
dKO,Platr7,ENSMUSG00000097076,up,2.047976795984503,6.674144826805412e-12,TRUE,lncRNA
dKO,H19,ENSMUSG00000000031,up,1.9571402530723376,1.3852618614360914e-117,TRUE,lncRNA
dKO,Gm17322,ENSMUSG00000097604,up,1.9203617209252477,1.7456560391191969e-7,TRUE,lncRNA
dKO,Gm49432,ENSMUSG00000115907,up,1.8635565385161688,4.992784733965935e-4,TRUE,lncRNA
dKO,Gm10482,ENSMUSG00000073226,up,1.8357125159392964,4.140263552589768e-5,TRUE,lncRNA
dKO,Gm48170,ENSMUSG00000113135,up,1.8139850894443104,1.3354574307369606e-5,TRUE,lncRNA
dKO,2610035D17Rik,ENSMUSG00000087259,up,1.786149988628702,6.215027415105849e-4,TRUE,lncRNA
dKO,5330411J11Rik,ENSMUSG00000087455,up,1.6953324224675523,2.1042869550688015e-5,TRUE,lncRNA
dKO,Nphs1os,ENSMUSG00000087009,up,1.5936858619655496,4.587577561820675e-4,TRUE,lncRNA
dKO,2610035F20Rik,ENSMUSG00000085555,up,1.4967783941794022,0.00134035988590864,TRUE,lncRNA
dKO,Gm26639,ENSMUSG00000097562,up,1.428547993001279,6.927990041601134e-10,TRUE,lncRNA
dKO,Gm29737,ENSMUSG00000116705,up,1.4070346305723502,2.0358398595797064e-4,TRUE,lncRNA
dKO,Xist,ENSMUSG00000086503,up,1.3338370808954112,9.981614766619566e-13,TRUE,lncRNA
dKO,Gm40977,ENSMUSG00000113566,up,1.3301021820783676,0.00241948476285412,TRUE,lncRNA
dKO,Gm13110,ENSMUSG00000086810,up,1.319874048582004,0.0017811593803563,TRUE,lncRNA
dKO,Platr26,ENSMUSG00000064263,up,1.27641032340031,9.58016058012867e-8,TRUE,lncRNA
dKO,Gm30228,ENSMUSG00000112206,up,1.2409438502091834,0.00138195928799359,TRUE,lncRNA
dKO,Gm26754,ENSMUSG00000114616,up,1.2216702490305364,1.1615450038880031e-4,TRUE,lncRNA
dKO,Gm50147,ENSMUSG00000118032,up,1.2012502645264858,3.849555890938852e-4,TRUE,lncRNA
dKO,Gm49700,ENSMUSG00000116883,up,1.1843421004055532,6.663257812092656e-6,TRUE,lncRNA
dKO,Gm40987,ENSMUSG00000113559,up,1.1312598869950503,6.581135994415235e-6,TRUE,lncRNA
dKO,Gm48168,ENSMUSG00000113955,up,1.084722745875659,2.2951798469742527e-8,TRUE,lncRNA
dKO,1700096K18Rik,ENSMUSG00000101856,up,1.0729870842311244,0.0020668422174255,TRUE,lncRNA
dKO,Platr4,ENSMUSG00000097639,up,1.0700807572103026,4.665419555617832e-5,TRUE,lncRNA
dKO,2610307P16Rik,ENSMUSG00000085936,up,1.0536059125073065,0.01039459325868444,TRUE,lncRNA
dKO,Gm49371,ENSMUSG00000113300,up,1.045067159659645,0.01178921070192169,TRUE,lncRNA
dKO,Gm36660,ENSMUSG00000111933,up,1.0196728755689377,0.00681194875096174,TRUE,lncRNA
dKO,Gm26806,ENSMUSG00000097483,up,1.0105544275440217,7.3257580276844845e-6,TRUE,lncRNA
dKO,Gm38509,ENSMUSG00000106519,up,0.982668646710839,0.01501941379224931,TRUE,lncRNA
dKO,Gm49504,ENSMUSG00000116389,up,0.9745687197048905,0.01580646876301863,TRUE,lncRNA
dKO,Gm4419,ENSMUSG00000097055,up,0.9583552130999312,0.00378456893703177,TRUE,lncRNA
dKO,AU020206,ENSMUSG00000097415,up,0.9516068544017398,3.5343999813261894e-8,TRUE,lncRNA
dKO,9130024F11Rik,ENSMUSG00000087022,up,0.9509157706538264,0.01702938711248349,TRUE,lncRNA
dKO,Gm13625,ENSMUSG00000089902,up,0.937976367836758,0.0046323302035311,TRUE,lncRNA
dKO,Gm12031,ENSMUSG00000085035,up,0.9326133129071018,0.00808994394718752,TRUE,lncRNA
dKO,Gm50431,ENSMUSG00000117814,up,0.9068592838096524,0.0126238165966835,TRUE,lncRNA
dKO,Gm11496,ENSMUSG00000085152,up,0.8949957664126655,0.01421786973878373,TRUE,lncRNA
dKO,Gm19784,ENSMUSG00000118216,up,0.8685385918995214,0.00692543911485893,TRUE,lncRNA
dKO,Sox2ot,ENSMUSG00000105265,up,0.8549178798385315,0.01544513840365269,TRUE,lncRNA
dKO,Etaa1os,ENSMUSG00000086468,up,0.8300169476183707,4.0597008533414824e-4,TRUE,lncRNA
dKO,4930461G14Rik,ENSMUSG00000097651,up,0.826915929125674,0.0037850628090395,TRUE,lncRNA
dKO,8430430B14Rik,ENSMUSG00000117431,up,0.8260464223390009,0.02831335493577115,TRUE,lncRNA
dKO,1700008J07Rik,ENSMUSG00000101225,up,0.8258301856603015,0.01403824260380352,TRUE,lncRNA
dKO,Dgkeos,ENSMUSG00000063109,up,0.8159816471790935,0.02995533915159064,TRUE,lncRNA
dKO,Gm26576,ENSMUSG00000097921,up,0.8077097507290992,0.03070035796190179,TRUE,lncRNA
dKO,E030044B06Rik,ENSMUSG00000097740,up,0.8019722489277907,0.02756470590357208,TRUE,lncRNA
dKO,Gm44997,ENSMUSG00000108446,up,0.7983609363823809,0.02619282053983661,TRUE,lncRNA
dKO,Gm8016,ENSMUSG00000113050,up,0.7974250120724956,0.01549698355930929,TRUE,lncRNA
